場名,場コード,開催日,レース,枠,登録番号,級別,氏名,F数,L数,平均ST,全国勝率,全国2連率,全国3連率,当地勝率,当地2連率,当地3連率,モーターNo,モーター2連率,モーター3連率,ボートNo,ボート2連率,ボート3連率,1日目成績,2日目成績,3日目成績,4日目成績,5日目成績,6日目成績,支部,出身,年齢,締切時刻,節名,企画名,日目
戸田,02,20260930,1R,1,3381,B1,滝沢　　芳行,0,0,0.15,5.07,30.43,48.91,5.85,39.84,59.38,23,29.63,62.96,75,5.00,15.00,7R/2/.06/3,5R/5/.09/5 11R/3/.09/3,1R/1/.13/1 10R/4/.13/5,5R/5/.09/5,,,埼玉,埼玉,58,10:47,ＴＡＭＲＯＮＣＵＰ,一般戦,最終日
戸田,02,20260930,1R,2,3463,B1,乙津　　康志,0,0,0.19,4.39,22.68,45.36,4.35,23.53,41.18,7,26.67,46.67,32,51.52,69.70,1R/2/.17/5 7R/4/.19/4,6R/1/.15/3,1R/3/.16/3 9R/5/.01/5,9R/6/.07/5,,,東京,東京,59,10:47,ＴＡＭＲＯＮＣＵＰ,一般戦,最終日
戸田,02,20260930,1R,3,4183,B1,宇野　　弥生,2,0,0.13,4.77,34.62,42.31,6.83,56.67,73.33,8,42.50,62.50,37,51.43,60.00,4R/1/.22/4 8R/3/.16/2,8R/6/.22/6,2R/5/.16/4 8R/2/.21/6,10R/4/.19/6,,,愛知,埼玉,40,10:47,ＴＡＭＲＯＮＣＵＰ,一般戦,最終日
戸田,02,20260930,1R,4,4145,B1,小澤　　　学,0,0,0.26,3.99,15.38,31.73,4.36,13.33,42.22,10,30.00,43.33,48,28.57,42.86,6R/5/.23/3,1R/2/.22/2 5R/3/.16/4,3R/6/.27/4 7R/3/.20/2,4R/1/.26/4 10R/2/.20/2,,,東京,千葉,44,10:47,ＴＡＭＲＯＮＣＵＰ,一般戦,最終日
戸田,02,20260930,1R,5,5433,B2,米本　　圭佑,0,0,0.24,2.15,2.70,6.76,2.36,7.14,14.29,35,32.26,51.61,22,43.33,60.00,2R/6/.49/5,3R/4/.42/6 10R/5/.16/6,7R/4/.16/5,1R/5/.09/4 6R/6/.21/5,,,東京,東京,21,10:47,ＴＡＭＲＯＮＣＵＰ,一般戦,最終日
戸田,02,20260930,1R,6,4340,B2,土性　　雅也,0,0,,3.35,15.38,25.00,0.00,0.00,0.00,26,32.35,61.76,12,26.92,42.31,7R/5/.21/6,1R/3/.19/6 8R/4/.15/3,7R/2/.17/4,2R/1/.15/1 6R/4/.18/3,,,三重,三重,42,10:47,ＴＡＭＲＯＮＣＵＰ,一般戦,最終日
戸田,02,20260930,2R,1,3748,B1,小黒　　竜吾,1,0,0.16,4.05,13.16,31.58,4.33,18.60,34.88,27,41.38,51.72,19,22.22,33.33,5R/5/.14/4,1R/1/.18/1 10R/4/.23/4,5R/3/.18/3 12R/4/.16/5,8R/2/.07/4,,,埼玉,埼玉,51,11:16,ＴＡＭＲＯＮＣＵＰ,一般戦,最終日
戸田,02,20260930,2R,2,3800,A2,牧　　　宏次,0,0,0.16,5.56,34.04,53.19,4.13,21.74,34.78,29,31.43,57.14,67,26.09,39.13,3R/6/.12/3,4R/2/.10/1 9R/4/.24/5,6R/3/.21/5 10R/1/.09/1,2R/5/.16/6 6R/1/.09/1,,,東京,神奈川,52,11:16,ＴＡＭＲＯＮＣＵＰ,一般戦,最終日
戸田,02,20260930,2R,3,3277,B1,齋藤　　　勇,0,0,0.18,4.52,23.91,39.13,2.33,0.00,0.00,31,25.81,48.39,31,17.24,31.03,1R/1/.08/2 5R/3/.09/5,7R/4/.05/1,5R/5/.25/5 11R/2/.20/4,10R/6/.17/5,,,東京,東京,60,11:16,ＴＡＭＲＯＮＣＵＰ,一般戦,最終日
戸田,02,20260930,2R,4,3801,B1,五反田　　忍,0,0,0.16,4.12,23.29,38.36,3.76,28.57,33.33,49,37.50,50.00,64,21.43,32.14,8R/4/.19/6,1R/5/.15/5 9R/3/.23/6,6R/1/.25/6,1R/2/.18/2 9R/5/.03/6,,,大阪,大阪,52,11:16,ＴＡＭＲＯＮＣＵＰ,一般戦,最終日
戸田,02,20260930,2R,5,5096,A2,上原　　　崚,0,0,0.16,5.95,37.10,58.06,4.93,35.71,50.00,43,53.85,76.92,61,25.00,45.00,9R/5/.13/5,2R/2/.08/3 11R/1/.08/1,2R/3/.12/2 10R/6/.08/3,7R/2/.09/2 11R/5/.16/4,,,東京,沖縄,31,11:16,ＴＡＭＲＯＮＣＵＰ,一般戦,最終日
戸田,02,20260930,2R,6,5203,B1,神里　　琴音,0,0,0.16,5.17,28.89,51.11,5.39,38.89,55.56,33,27.59,34.48,54,24.00,36.00,2R/4/.13/2 8R/5/.23/4,3R/1/.16/2,1R/6/.19/5 5R/2/.15/4,5R/3/.15/3,,,福岡,沖縄,22,11:16,ＴＡＭＲＯＮＣＵＰ,一般戦,最終日
戸田,02,20260930,3R,1,5258,B1,仲本　　　舜,0,0,0.15,3.84,19.75,29.63,3.00,0.00,16.67,60,39.39,54.55,76,28.57,50.00,2R/5/.12/4 6R/1/.16/5,4R/6/.16/5,1R/2/.13/2,1R/4/.10/1 9R/3/.05/3,,,福岡,沖縄,21,11:45,ＴＡＭＲＯＮＣＵＰ,一般戦,最終日
戸田,02,20260930,3R,2,4462,B1,夏山　　亮平,0,0,0.15,4.65,28.21,46.15,4.37,25.93,44.44,9,24.14,37.93,16,26.67,30.00,3R/3/.17/6 9R/6/.14/6,7R/2/.19/4,4R/1/.05/1,3R/5/.15/5 7R/4/.22/5,,,大阪,大阪,40,11:45,ＴＡＭＲＯＮＣＵＰ,一般戦,最終日
戸田,02,20260930,3R,3,5002,A2,上田　　健太,0,0,0.17,5.50,33.96,56.60,5.50,33.33,58.33,16,23.33,40.00,34,38.24,55.88,11R/6/.03/5,6R/5/.14/5 10R/3/.10/2,6R/2/.22/2 11R/1/.16/1,2R/4/.08/4 9R/1/.05/1,,,愛知,愛知,30,11:45,ＴＡＭＲＯＮＣＵＰ,一般戦,最終日
戸田,02,20260930,3R,4,3661,A2,柳瀬　　興志,0,0,0.18,4.39,24.55,37.27,4.85,25.93,51.85,40,21.88,37.50,63,39.39,54.55,5R/1/.06/3 9R/3/.17/4,10R/2/.14/5,4R/6/.09/4 8R/4/.22/3,4R/3/.21/5 10R/5/.16/4,,,山口,山口,57,11:45,ＴＡＭＲＯＮＣＵＰ,一般戦,最終日
戸田,02,20260930,3R,5,5389,B1,恵良　　琴美,0,0,0.19,2.52,2.94,16.67,3.00,0.00,22.22,13,38.71,54.84,66,20.69,48.28,4R/5/.15/6,2R/6/.12/5 6R/4/.15/2,2R/4/.17/6 7R/5/.15/6,8R/6/.21/6,,,福岡,福岡,19,11:45,ＴＡＭＲＯＮＣＵＰ,一般戦,最終日
戸田,02,20260930,3R,6,2538,B1,高橋　　二朗,0,0,0.21,3.15,5.15,16.49,3.13,12.50,25.00,25,24.00,36.00,36,39.29,57.14,4R/2/.24/5,1R/4/.13/3 7R/3/.12/5,4R/4/.05/5,1R/1/.22/5 8R/5/.20/5,,,東京,千葉,77,11:45,ＴＡＭＲＯＮＣＵＰ,一般戦,最終日
戸田,02,20260930,4R,1,5003,B1,来田　　衣織,0,0,0.16,5.05,36.54,50.00,4.96,29.17,47.92,6,36.00,56.00,74,39.39,63.64,1R/3/.15/3 8R/1/.22/3,7R/5/.03/3,1R/4/.42/6 8R/3/.16/1,3R/2/.08/4,,,兵庫,兵庫,30,12:14,ＴＡＭＲＯＮＣＵＰ,一般戦,最終日
戸田,02,20260930,4R,2,4640,A2,山ノ内　雅人,1,0,0.14,5.77,36.84,59.40,6.39,35.48,64.52,12,34.15,51.22,73,35.71,50.00,4R/4/.21/3 9R/1/.14/1,8R/5/.17/4,4R/2/.12/2 11R/6/.14/5,3R/3/.18/3 8R/1/.10/2,,,福岡,福岡,35,12:14,ＴＡＭＲＯＮＣＵＰ,一般戦,最終日
戸田,02,20260930,4R,3,4982,B1,中村　　将隆,1,0,0.15,4.90,27.85,50.63,6.29,57.14,71.43,34,41.94,58.06,69,26.67,30.00,1R/4/.12/4 6R/2/.20/6,2R/1/.13/2,1R/5/.24/4 7R/6/.18/3,1R/3/.29/3,,,兵庫,兵庫,30,12:14,ＴＡＭＲＯＮＣＵＰ,一般戦,最終日
戸田,02,20260930,4R,4,5226,B1,藤田　　俊祐,0,0,0.16,5.72,34.18,55.70,5.23,30.00,43.33,36,42.11,55.26,55,16.00,40.00,2R/1/.11/1 10R/4/.10/2,9R/2/.18/3,4R/5/.07/3 12R/6/.17/4,2R/3/.12/2 11R/4/.13/6,,,東京,東京,24,12:14,ＴＡＭＲＯＮＣＵＰ,一般戦,最終日
戸田,02,20260930,4R,5,4832,A1,権藤　　俊光,0,0,0.14,6.79,48.94,69.50,4.50,25.00,50.00,15,55.00,70.00,23,33.33,53.33,7R/1/.06/1 12R/4/.15/4,2R/3/.08/1 10R/6/.13/3,3R/2/.13/3 8R/5/.17/5,9R/2/.07/2,,,大阪,大阪,39,12:14,ＴＡＭＲＯＮＣＵＰ,一般戦,最終日
戸田,02,20260930,4R,6,5445,B2,一ノ木　　匠,0,0,,1.58,0.00,2.08,0.00,0.00,0.00,17,25.00,32.14,77,48.28,65.52,1R/6/.13/6,1R/6/.18/4 6R/6/.20/6,5R/6/.20/6,1R/6/.13/6 5R/6/.18/6,,,三重,三重,24,12:14,ＴＡＭＲＯＮＣＵＰ,一般戦,最終日
戸田,02,20260930,5R,1,3747,A2,國崎　　良春,0,0,0.16,5.83,39.58,62.50,6.43,71.43,71.43,28,6.90,10.34,72,35.48,51.61,3R/4/.08/4 10R/2/.11/6,2R/5/.11/6 9R/1/.19/4,9R/6/.03/6,5R/2/.14/2 10R/3/.15/3,,,福岡,福岡,51,12:44,ＴＡＭＲＯＮＣＵＰ,ウインウイン５,最終日
戸田,02,20260930,5R,2,4340,B2,土性　　雅也,0,0,,3.35,15.38,25.00,0.00,0.00,0.00,26,32.35,61.76,12,26.92,42.31,7R/5/.21/6,1R/3/.19/6 8R/4/.15/3,7R/2/.17/4,2R/1/.15/1 6R/4/.18/3,1R/6/.28/3,,三重,三重,42,12:44,ＴＡＭＲＯＮＣＵＰ,ウインウイン５,最終日
戸田,02,20260930,5R,3,3463,B1,乙津　　康志,0,0,0.19,4.39,22.68,45.36,4.35,23.53,41.18,7,26.67,46.67,32,51.52,69.70,1R/2/.17/5 7R/4/.19/4,6R/1/.15/3,1R/3/.16/3 9R/5/.01/5,9R/6/.07/5,1R/2/.18/1,,東京,東京,59,12:44,ＴＡＭＲＯＮＣＵＰ,ウインウイン５,最終日
戸田,02,20260930,5R,4,4526,A2,池田　　雄祐,1,0,0.15,5.04,28.38,47.30,5.88,53.13,65.63,18,50.00,60.00,27,24.00,44.00,10R/6/.13/4,6R/2/.13/1 12R/5/.09/2,5R/1/.09/1 10R/3/.11/4,8R/4/.11/3 12R/3/.12/6,,,愛知,愛知,38,12:44,ＴＡＭＲＯＮＣＵＰ,ウインウイン５,最終日
戸田,02,20260930,5R,5,3857,B1,阿波　　勝哉,0,0,0.21,4.94,29.70,46.53,4.18,23.53,29.41,4,46.67,60.00,24,32.26,61.29,3R/1/.10/1 7R/3/.12/5,5R/2/.17/6,6R/6/.21/4,3R/6/.01/2 7R/6/.15/6,,,東京,東京,53,12:44,ＴＡＭＲＯＮＣＵＰ,ウインウイン５,最終日
戸田,02,20260930,5R,6,3539,B1,金子　　順一,0,0,0.19,4.37,21.50,40.19,3.67,11.11,33.33,5,33.33,50.00,45,35.71,46.43,5R/2/.07/2 11R/4/.09/6,3R/5/.18/4,3R/3/.15/5 9R/4/.07/4,3R/1/.13/6,,,山口,山口,58,12:44,ＴＡＭＲＯＮＣＵＰ,ウインウイン５,最終日
戸田,02,20260930,6R,1,4906,A2,鈴木　　雅希,0,0,0.18,5.59,36.94,55.86,5.20,30.00,54.00,32,43.75,50.00,52,24.00,52.00,6R/3/.14/2 10R/5/.10/3,10R/1/.12/1,2R/6/.09/5 9R/2/.09/2,4R/4/.12/1 8R/3/.08/1,,,東京,神奈川,31,13:14,ＴＡＭＲＯＮＣＵＰ,一般戦,最終日
戸田,02,20260930,6R,2,4587,A1,木田　峰由季,1,0,0.17,5.86,44.34,55.66,4.86,28.57,42.86,20,30.00,46.67,25,29.03,48.39,2R/3/.14/6 12R/6/.26/6,4R/5/.12/3 8R/2/.19/1,7R/1/.15/1 11R/4/.13/6,10R/1/.09/1,,,福井,石川,35,13:14,ＴＡＭＲＯＮＣＵＰ,一般戦,最終日
戸田,02,20260930,6R,3,3381,B1,滝沢　　芳行,0,0,0.15,5.07,30.43,48.91,5.85,39.84,59.38,23,29.63,62.96,75,5.00,15.00,7R/2/.06/3,5R/5/.09/5 11R/3/.09/3,1R/1/.13/1 10R/4/.13/5,5R/5/.09/5,1R/1/.16/4,,埼玉,埼玉,58,13:14,ＴＡＭＲＯＮＣＵＰ,一般戦,最終日
戸田,02,20260930,6R,4,5277,B1,井上　　未都,1,0,0.15,4.82,24.73,47.31,4.11,22.22,33.33,24,25.00,50.00,56,26.67,53.33,3R/5/.14/2 8R/2/.17/1,5R/6/.09/2,2R/1/.09/1 11R/3/.15/3,6R/3/.12/4 12R/4/.17/5,,,福岡,福岡,24,13:14,ＴＡＭＲＯＮＣＵＰ,一般戦,最終日
戸田,02,20260930,6R,5,4524,A1,深谷　　知博,1,0,0.11,6.59,35.56,56.67,7.24,35.29,52.94,38,11.11,22.22,11,45.45,69.70,5R/4/.12/1 12R/1/.05/1,3R/3/.11/3 9R/6/.14/2,10R/2/.12/2,5R/1/.16/1 12R/6/.10/4,,,静岡,静岡,38,13:14,ＴＡＭＲＯＮＣＵＰ,一般戦,最終日
戸田,02,20260930,6R,6,3748,B1,小黒　　竜吾,1,0,0.16,4.05,13.16,31.58,4.33,18.60,34.88,27,41.38,51.72,19,22.22,33.33,5R/5/.14/4,1R/1/.18/1 10R/4/.23/4,5R/3/.18/3 12R/4/.16/5,8R/2/.07/4,2R/1/.06/5,,埼玉,埼玉,51,13:14,ＴＡＭＲＯＮＣＵＰ,一般戦,最終日
戸田,02,20260930,7R,1,4734,A1,安河内　　将,0,0,0.14,7.05,51.72,73.28,6.06,37.50,62.50,21,54.84,67.74,18,33.33,52.78,3R/2/.08/5 12R/5/.19/5,6R/3/.11/4 11R/6/.16/4,6R/4/.13/1 12R/1/.18/3,6R/2/.13/2,,,佐賀,佐賀,36,13:45,ＴＡＭＲＯＮＣＵＰ,ウインウイン７,最終日
戸田,02,20260930,7R,2,3277,B1,齋藤　　　勇,0,0,0.18,4.52,23.91,39.13,2.33,0.00,0.00,31,25.81,48.39,31,17.24,31.03,1R/1/.08/2 5R/3/.09/5,7R/4/.05/1,5R/5/.25/5 11R/2/.20/4,10R/6/.17/5,2R/3/.02/3,,東京,東京,60,13:45,ＴＡＭＲＯＮＣＵＰ,ウインウイン７,最終日
戸田,02,20260930,7R,3,5258,B1,仲本　　　舜,0,0,0.15,3.84,19.75,29.63,3.00,0.00,16.67,60,39.39,54.55,76,28.57,50.00,2R/5/.12/4 6R/1/.16/5,4R/6/.16/5,1R/2/.13/2,1R/4/.10/1 9R/3/.05/3,3R/1/.20/2,,福岡,沖縄,21,13:45,ＴＡＭＲＯＮＣＵＰ,ウインウイン７,最終日
戸田,02,20260930,7R,4,3873,B1,別府　　昌樹,0,0,0.21,5.13,30.59,50.59,5.33,41.67,58.33,19,20.00,53.33,38,28.57,42.86,1R/5/.09/1 9R/4/.12/2,3R/2/.11/1 12R/6/.10/5,9R/1/.07/1,4R/6/.10/2 11R/1/.24/5,,,広島,広島,50,13:45,ＴＡＭＲＯＮＣＵＰ,ウインウイン７,最終日
戸田,02,20260930,7R,5,4462,B1,夏山　　亮平,0,0,0.15,4.65,28.21,46.15,4.37,25.93,44.44,9,24.14,37.93,16,26.67,30.00,3R/3/.17/6 9R/6/.14/6,7R/2/.19/4,4R/1/.05/1,3R/5/.15/5 7R/4/.22/5,3R/2/.31/5,,大阪,大阪,40,13:45,ＴＡＭＲＯＮＣＵＰ,ウインウイン７,最終日
戸田,02,20260930,7R,6,5433,B2,米本　　圭佑,0,0,0.24,2.15,2.70,6.76,2.36,7.14,14.29,35,32.26,51.61,22,43.33,60.00,2R/6/.49/5,3R/4/.42/6 10R/5/.16/6,7R/4/.16/5,1R/5/.09/4 6R/6/.21/5,1R/5/.20/5,,東京,東京,21,13:45,ＴＡＭＲＯＮＣＵＰ,ウインウイン７,最終日
戸田,02,20260930,8R,1,5203,B1,神里　　琴音,0,0,0.16,5.17,28.89,51.11,5.39,38.89,55.56,33,27.59,34.48,68,24.24,39.39,2R/4/.13/2 8R/5/.23/4,3R/1/.16/2,1R/6/.19/5 5R/2/.15/4,5R/3/.15/3,2R/6/.10/4,,福岡,沖縄,22,14:16,ＴＡＭＲＯＮＣＵＰ,一般戦,最終日
戸田,02,20260930,8R,2,4183,B1,宇野　　弥生,2,0,0.13,4.77,34.62,42.31,6.83,56.67,73.33,8,42.50,62.50,37,51.43,60.00,4R/1/.22/4 8R/3/.16/2,8R/6/.22/6,2R/5/.16/4 8R/2/.21/6,10R/4/.19/6,1R/3/.17/6,,愛知,埼玉,40,14:16,ＴＡＭＲＯＮＣＵＰ,一般戦,最終日
戸田,02,20260930,8R,3,3801,B1,五反田　　忍,0,0,0.16,4.12,23.29,38.36,3.76,28.57,33.33,49,37.50,50.00,64,21.43,32.14,8R/4/.19/6,1R/5/.15/5 9R/3/.23/6,6R/1/.25/6,1R/2/.18/2 9R/5/.03/6,2R/4/.10/6,,大阪,大阪,52,14:16,ＴＡＭＲＯＮＣＵＰ,一般戦,最終日
戸田,02,20260930,8R,4,5389,B1,恵良　　琴美,0,0,0.19,2.52,2.94,16.67,3.00,0.00,22.22,13,38.71,54.84,66,20.69,48.28,4R/5/.15/6,2R/6/.12/5 6R/4/.15/2,2R/4/.17/6 7R/5/.15/6,8R/6/.21/6,3R/5/.21/6,,福岡,福岡,19,14:16,ＴＡＭＲＯＮＣＵＰ,一般戦,最終日
戸田,02,20260930,8R,5,5003,B1,来田　　衣織,0,0,0.16,5.05,36.54,50.00,4.96,29.17,47.92,6,36.00,56.00,74,39.39,63.64,1R/3/.15/3 8R/1/.22/3,7R/5/.03/3,1R/4/.42/6 8R/3/.16/1,3R/2/.08/4,4R/1/.13/6,,兵庫,兵庫,30,14:16,ＴＡＭＲＯＮＣＵＰ,一般戦,最終日
戸田,02,20260930,8R,6,5410,B2,今泉　　　澪,0,0,0.16,1.76,0.00,2.94,0.00,0.00,0.00,11,40.00,53.33,58,58.06,80.65,5R/6/.13/6,7R/6/.12/6 11R/4/.07/6,3R/5/.19/6,2R/6/.08/5 7R/5/.14/4,,,愛知,愛知,21,14:16,ＴＡＭＲＯＮＣＵＰ,一般戦,最終日
戸田,02,20260930,9R,1,4832,A1,権藤　　俊光,0,0,0.14,6.79,48.94,69.50,4.50,25.00,50.00,15,55.00,70.00,23,33.33,53.33,7R/1/.06/1 12R/4/.15/4,2R/3/.08/1 10R/6/.13/3,3R/2/.13/3 8R/5/.17/5,9R/2/.07/2,4R/5/.10/1,,大阪,大阪,39,14:48,ＴＡＭＲＯＮＣＵＰ,戸田特選,最終日
戸田,02,20260930,9R,2,4982,B1,中村　　将隆,1,0,0.15,4.90,27.85,50.63,6.29,57.14,71.43,34,41.94,58.06,69,26.67,30.00,1R/4/.12/4 6R/2/.20/6,2R/1/.13/2,1R/5/.24/4 7R/6/.18/3,1R/3/.29/3,4R/3/.14/5,,兵庫,兵庫,30,14:48,ＴＡＭＲＯＮＣＵＰ,戸田特選,最終日
戸田,02,20260930,9R,3,2538,B1,高橋　　二朗,0,0,0.21,3.15,5.15,16.49,3.13,12.50,25.00,25,24.00,36.00,36,39.29,57.14,4R/2/.24/5,1R/4/.13/3 7R/3/.12/5,4R/4/.05/5,1R/1/.22/5 8R/5/.20/5,3R/6/.28/4,,東京,千葉,77,14:48,ＴＡＭＲＯＮＣＵＰ,戸田特選,最終日
戸田,02,20260930,9R,4,4466,A2,南　　　佑典,0,0,0.19,5.71,37.61,54.70,5.47,41.18,52.94,41,19.23,34.62,46,28.57,40.00,11R/3/.09/4,3R/6/.19/5 11R/5/.09/2,8R/1/.19/2 12R/2/.16/6,2R/2/.16/3 9R/4/.05/4,,,三重,三重,40,14:48,ＴＡＭＲＯＮＣＵＰ,戸田特選,最終日
戸田,02,20260930,9R,5,3747,A2,國崎　　良春,0,0,0.16,5.83,39.58,62.50,6.43,71.43,71.43,28,6.90,10.34,72,35.48,51.61,3R/4/.08/4 10R/2/.11/6,2R/5/.11/6 9R/1/.19/4,9R/6/.03/6,5R/2/.14/2 10R/3/.15/3,5R/1/.20/1,,福岡,福岡,51,14:48,ＴＡＭＲＯＮＣＵＰ,戸田特選,最終日
戸田,02,20260930,9R,6,3857,B1,阿波　　勝哉,0,0,0.21,4.94,29.70,46.53,4.18,23.53,29.41,4,46.67,60.00,24,32.26,61.29,3R/1/.10/1 7R/3/.12/5,5R/2/.17/6,6R/6/.21/4,3R/6/.01/2 7R/6/.15/6,,,東京,東京,53,14:48,ＴＡＭＲＯＮＣＵＰ,戸田特選,最終日
戸田,02,20260930,10R,1,5096,A2,上原　　　崚,0,0,0.16,5.95,37.10,58.06,4.93,35.71,50.00,43,53.85,76.92,61,25.00,45.00,9R/5/.13/5,2R/2/.08/3 11R/1/.08/1,2R/3/.12/2 10R/6/.08/3,7R/2/.09/2 11R/5/.16/4,2R/5/.08/2,,東京,沖縄,31,15:21,ＴＡＭＲＯＮＣＵＰ,選抜戦,最終日
戸田,02,20260930,10R,2,5277,B1,井上　　未都,1,0,0.15,4.82,24.73,47.31,4.11,22.22,33.33,24,25.00,50.00,56,26.67,53.33,3R/5/.14/2 8R/2/.17/1,5R/6/.09/2,2R/1/.09/1 11R/3/.15/3,6R/3/.12/4 12R/4/.17/5,6R/4/.29/4,,福岡,福岡,24,15:21,ＴＡＭＲＯＮＣＵＰ,選抜戦,最終日
戸田,02,20260930,10R,3,5226,B1,藤田　　俊祐,0,0,0.16,5.72,34.18,55.70,5.23,30.00,43.33,36,42.11,55.26,55,16.00,40.00,2R/1/.11/1 10R/4/.10/2,9R/2/.18/3,4R/5/.07/3 12R/6/.17/4,2R/3/.12/2 11R/4/.13/6,4R/4/.08/3,,東京,東京,24,15:21,ＴＡＭＲＯＮＣＵＰ,選抜戦,最終日
戸田,02,20260930,10R,4,5002,A2,上田　　健太,0,0,0.17,5.50,33.96,56.60,5.50,33.33,58.33,16,23.33,40.00,34,38.24,55.88,11R/6/.03/5,6R/5/.14/5 10R/3/.10/2,6R/2/.22/2 11R/1/.16/1,2R/4/.08/4 9R/1/.05/1,3R/3/.17/1,,愛知,愛知,30,15:21,ＴＡＭＲＯＮＣＵＰ,選抜戦,最終日
戸田,02,20260930,10R,5,4587,A1,木田　峰由季,1,0,0.17,5.86,44.34,55.66,4.86,28.57,42.86,20,30.00,46.67,25,29.03,48.39,2R/3/.14/6 12R/6/.26/6,4R/5/.12/3 8R/2/.19/1,7R/1/.15/1 11R/4/.13/6,10R/1/.09/1,6R/2/.16/2,,福井,石川,35,15:21,ＴＡＭＲＯＮＣＵＰ,選抜戦,最終日
戸田,02,20260930,10R,6,3800,A2,牧　　　宏次,0,0,0.16,5.56,34.04,53.19,4.13,21.74,34.78,29,31.43,57.14,67,26.09,39.13,3R/6/.12/3,4R/2/.10/1 9R/4/.24/5,6R/3/.21/5 10R/1/.09/1,2R/5/.16/6 6R/1/.09/1,2R/2/.01/1,,東京,神奈川,52,15:21,ＴＡＭＲＯＮＣＵＰ,選抜戦,最終日
戸田,02,20260930,11R,1,4524,A1,深谷　　知博,1,0,0.11,6.59,35.56,56.67,7.24,35.29,52.94,38,11.11,22.22,11,45.45,69.70,5R/4/.12/1 12R/1/.05/1,3R/3/.11/3 9R/6/.14/2,10R/2/.12/2,5R/1/.16/1 12R/6/.10/4,6R/5/.26/3,,静岡,静岡,38,15:55,ＴＡＭＲＯＮＣＵＰ,選抜戦,最終日
戸田,02,20260930,11R,2,3873,B1,別府　　昌樹,0,0,0.21,5.13,30.59,50.59,5.33,41.67,58.33,19,20.00,53.33,38,28.57,42.86,1R/5/.09/1 9R/4/.12/2,3R/2/.11/1 12R/6/.10/5,9R/1/.07/1,4R/6/.10/2 11R/1/.24/5,7R/4/.15/3,,広島,広島,50,15:55,ＴＡＭＲＯＮＣＵＰ,選抜戦,最終日
戸田,02,20260930,11R,3,4526,A2,池田　　雄祐,1,0,0.15,5.04,28.38,47.30,5.88,53.13,65.63,18,50.00,60.00,27,24.00,44.00,10R/6/.13/4,6R/2/.13/1 12R/5/.09/2,5R/1/.09/1 10R/3/.11/4,8R/4/.11/3 12R/3/.12/6,5R/4/.12/5,,愛知,愛知,38,15:55,ＴＡＭＲＯＮＣＵＰ,選抜戦,最終日
戸田,02,20260930,11R,4,4906,A2,鈴木　　雅希,0,0,0.18,5.59,36.94,55.86,5.20,30.00,54.00,32,43.75,50.00,52,24.00,52.00,6R/3/.14/2 10R/5/.10/3,10R/1/.12/1,2R/6/.09/5 9R/2/.09/2,4R/4/.12/1 8R/3/.08/1,6R/1/.16/1,,東京,神奈川,31,15:55,ＴＡＭＲＯＮＣＵＰ,選抜戦,最終日
戸田,02,20260930,11R,5,4640,A2,山ノ内　雅人,1,0,0.14,5.77,36.84,59.40,6.39,35.48,64.52,12,34.15,51.22,73,35.71,50.00,4R/4/.21/3 9R/1/.14/1,8R/5/.17/4,4R/2/.12/2 11R/6/.14/5,3R/3/.18/3 8R/1/.10/2,4R/2/.13/2,,福岡,福岡,35,15:55,ＴＡＭＲＯＮＣＵＰ,選抜戦,最終日
戸田,02,20260930,11R,6,4734,A1,安河内　　将,0,0,0.14,7.05,51.72,73.28,6.06,37.50,62.50,21,54.84,67.74,18,33.33,52.78,3R/2/.08/5 12R/5/.19/5,6R/3/.11/4 11R/6/.16/4,6R/4/.13/1 12R/1/.18/3,6R/2/.13/2,7R/1/.23/1,,佐賀,佐賀,36,15:55,ＴＡＭＲＯＮＣＵＰ,選抜戦,最終日
戸田,02,20260930,12R,1,4500,A1,山田　　康二,0,0,0.13,7.87,55.96,72.48,8.23,53.85,61.54,14,54.84,70.97,59,39.13,60.87,4R/6/.07/2 12R/3/.17/3,5R/4/.09/1 12R/1/.14/1,2R/2/.13/3 12R/5/.13/1,3R/4/.15/1 12R/1/.10/1,,,佐賀,佐賀,38,16:30,ＴＡＭＲＯＮＣＵＰ,優勝戦,最終日
戸田,02,20260930,12R,2,5246,A2,楠　　将太郎,0,0,0.17,4.97,33.33,47.31,5.25,37.74,50.00,42,32.14,50.00,40,32.14,50.00,4R/3/.07/1 10R/1/.01/1,4R/4/.06/4 11R/2/.15/5,11R/5/.09/2,5R/4/.12/4 11R/3/.17/1,,,埼玉,埼玉,24,16:30,ＴＡＭＲＯＮＣＵＰ,優勝戦,最終日
戸田,02,20260930,12R,3,4012,A2,中村　　有裕,0,0,0.16,6.40,47.31,62.37,5.57,39.13,56.52,30,30.00,46.67,39,27.27,54.55,9R/2/.13/3,5R/1/.16/3 9R/5/.13/1,3R/4/.11/2 12R/3/.16/2,6R/5/.18/6 11R/2/.12/2,,,滋賀,滋賀,47,16:30,ＴＡＭＲＯＮＣＵＰ,優勝戦,最終日
戸田,02,20260930,12R,4,4356,A2,長岡　　良也,0,0,0.18,6.11,43.43,66.67,6.96,54.17,75.00,3,40.48,61.90,60,28.57,35.71,6R/6/.19/1 11R/1/.11/1,8R/3/.16/2 12R/2/.15/3,8R/6/.14/4,4R/5/.10/3 12R/2/.13/2,,,兵庫,兵庫,42,16:30,ＴＡＭＲＯＮＣＵＰ,優勝戦,最終日
戸田,02,20260930,12R,5,4876,B1,梅木　　敬太,0,0,0.17,4.99,30.43,48.70,5.22,29.63,51.85,37,4.00,12.00,41,30.00,43.33,7R/6/.15/2 11R/2/.19/3,4R/3/.10/2,3R/1/.12/1 10R/5/.10/6,4R/2/.19/6 12R/5/.10/3,,,福井,福井,32,16:30,ＴＡＭＲＯＮＣＵＰ,優勝戦,最終日
戸田,02,20260930,12R,6,3737,A1,上平　　真二,0,0,0.17,6.96,50.50,73.27,5.95,35.00,65.00,62,25.00,37.50,28,51.72,55.17,6R/4/.17/4 12R/2/.11/2,7R/1/.21/2 12R/3/.11/4,5R/4/.14/2 9R/3/.05/3,7R/1/.07/1 11R/6/.14/3,,,広島,広島,52,16:30,ＴＡＭＲＯＮＣＵＰ,優勝戦,最終日
江戸川,03,20260930,1R,1,3934,B1,鋤柄　　貴俊,0,0,0.17,5.15,26.72,49.62,5.72,39.66,58.62,64,45.57,67.09,37,27.03,43.24,2R/1/.15/1,3R/3/.15/2 7R/2/.20/6,12R/4/.36/5,4R/6/.14/3 9R/5/.26/3,,,愛知,愛知,49,11:17,第９回ういちの江戸川ナイスぅ〜っ！カップ,一般,５日目
江戸川,03,20260930,1R,2,4201,B1,佐竹　　友樹,0,0,0.18,4.33,21.37,35.90,4.24,20.41,32.65,33,31.94,45.83,28,41.10,60.27,6R/3/.21/4 10R/2/.20/5,2R/5/.12/1,2R/1/.06/2 7R/4/.06/4,6R/6/.16/6,,,埼玉,宮城,44,11:17,第９回ういちの江戸川ナイスぅ〜っ！カップ,一般,５日目
江戸川,03,20260930,1R,3,5093,B2,浦野　　　海,0,0,0.18,3.17,9.86,23.94,5.20,40.00,40.00,30,51.43,71.43,51,28.77,49.32,2R/6/.12/5 7R/5/.28/1,11R/3/.29/6,3R/2/.18/5 7R/1/.01/1,3R/4/.25/2,,,福岡,福岡,24,11:17,第９回ういちの江戸川ナイスぅ〜っ！カップ,一般,５日目
江戸川,03,20260930,1R,4,4952,B1,吉武　　真也,0,0,0.19,4.17,20.69,34.48,4.42,22.22,40.00,21,25.76,43.94,38,24.64,36.23,2R/4/.15/4 11R/5/.26/5,5R/3/.12/5,1R/2/.18/2 7R/5/.08/5,8R/1/.04/5,,,福岡,福岡,32,11:17,第９回ういちの江戸川ナイスぅ〜っ！カップ,一般,５日目
江戸川,03,20260930,1R,5,5424,B2,熊倉　　幹太,0,0,0.22,1.50,1.72,1.72,1.50,0.00,0.00,28,39.73,65.75,10,41.43,58.57,1R/6/.36/6 6R/5/.12/2,4R/4/.07/5,2R/5/.13/6 9R/4/.07/1,1R/6/.15/6,,,東京,東京,24,11:17,第９回ういちの江戸川ナイスぅ〜っ！カップ,一般,５日目
江戸川,03,20260930,1R,6,4873,B1,蒲原　　健太,0,0,0.20,4.93,30.83,48.12,2.83,16.67,16.67,20,33.78,50.00,55,44.12,57.35,2R/3/.13/3 6R/1/.24/5,6R/6/.25/6,5R/4/.21/5 12R/2/.33/6,7R/5/.10/4,,,佐賀,佐賀,32,11:17,第９回ういちの江戸川ナイスぅ〜っ！カップ,一般,５日目
江戸川,03,20260930,2R,1,4957,B1,竹之内　　極,0,0,0.17,5.41,34.26,53.70,6.30,54.35,67.39,19,25.00,41.67,14,24.66,35.62,3R/6/.34/6 8R/2/.25/3,8R/1/.32/2,4R/3/.02/1 11R/4/.26/3,8R/5/.07/1,,,福岡,鹿児島,31,11:43,第９回ういちの江戸川ナイスぅ〜っ！カップ,一般,５日目
江戸川,03,20260930,2R,2,4875,B1,大塚　　康雅,0,0,0.18,5.48,37.14,51.43,5.21,34.82,50.00,12,38.16,55.26,27,51.90,64.56,1R/1/.18/1 10R/3/.20/2,8R/4/.22/4,2R/2/.08/5 8R/6/.36/5,4R/5/.12/6,,,東京,神奈川,32,11:43,第９回ういちの江戸川ナイスぅ〜っ！カップ,一般,５日目
江戸川,03,20260930,2R,3,4565,B1,西村　　豪洋,0,0,0.18,4.16,16.35,33.65,2.67,0.00,22.22,29,21.79,39.74,45,28.77,42.47,5R/1/.22/6 9R/3/.16/5,1R/2/.16/2,2R/4/.16/4 10R/6/.14/3,1R/5/.11/5,,,愛知,愛知,38,11:43,第９回ういちの江戸川ナイスぅ〜っ！カップ,一般,５日目
江戸川,03,20260930,2R,4,3907,B1,村越　　　篤,0,0,0.16,5.16,33.33,47.86,5.43,33.33,57.97,50,23.68,40.79,68,30.77,43.59,8R/3/.19/1,7R/1/.17/1 12R/4/.13/4,4R/6/.11/6,2R/2/.02/1 6R/5/.15/1,,,香川,愛媛,48,11:43,第９回ういちの江戸川ナイスぅ〜っ！カップ,一般,５日目
江戸川,03,20260930,2R,5,4023,B1,柴田　　友和,0,0,0.17,3.67,16.85,25.84,4.48,20.37,38.89,54,23.29,36.99,52,30.67,41.33,1R/2/.16/3,2R/1/.16/2 7R/4/.21/4,5R/6/.20/6,2R/3/.01/6 10R/5/.19/5,,,福岡,福岡,49,11:43,第９回ういちの江戸川ナイスぅ〜っ！カップ,一般,５日目
江戸川,03,20260930,2R,6,4540,A2,相原　　利章,1,0,0.12,5.14,28.97,48.60,6.00,30.00,70.00,37,39.47,59.21,57,28.57,49.35,2R/5/.14/6 9R/1/.13/3,2R/2/.14/5 8R/3/.37/5,10R/4/.09/2,5R/3/.18/3 9R/6/.17/4,,,東京,東京,39,11:43,第９回ういちの江戸川ナイスぅ〜っ！カップ,一般,５日目
江戸川,03,20260930,3R,1,5212,A2,西川　　拓利,0,0,0.13,6.21,45.97,66.13,5.62,33.33,57.14,43,33.33,58.67,23,18.84,43.48,11R/3/.21/2,6R/4/.14/3 12R/6/.06/3,8R/2/.19/3,2R/5/.02/3 7R/1/.09/1,,,福岡,福岡,27,12:14,第９回ういちの江戸川ナイスぅ〜っ！カップ,一般,５日目
江戸川,03,20260930,3R,2,3503,B1,堂原　　洋史,0,0,0.16,3.70,17.00,26.00,4.80,24.62,44.62,57,45.21,54.79,60,37.04,48.15,1R/3/.17/2,5R/1/.07/2 10R/4/.09/6,6R/5/.11/3,7R/6/.21/6 11R/2/.14/3,,,埼玉,千葉,56,12:14,第９回ういちの江戸川ナイスぅ〜っ！カップ,一般,５日目
江戸川,03,20260930,3R,3,4377,A1,濱本　　優一,0,0,0.15,5.43,35.77,55.28,6.61,50.00,73.68,27,35.14,50.00,56,38.03,63.38,5R/2/.25/3 12R/3/.13/4,7R/6/.09/2,6R/4/.07/5 11R/1/.18/1,,,,大阪,大阪,42,12:14,第９回ういちの江戸川ナイスぅ〜っ！カップ,一般,５日目
江戸川,03,20260930,3R,4,5244,B1,黒田　　　剛,1,0,0.16,4.03,20.00,28.75,4.05,16.67,35.71,22,31.58,38.16,34,28.38,48.65,1R/4/.20/5 9R/6/.33/6,9R/2/.17/5,4R/1/.08/4 8R/5/.33/6,1R/3/.15/4,,,福岡,福岡,26,12:14,第９回ういちの江戸川ナイスぅ〜っ！カップ,一般,５日目
江戸川,03,20260930,3R,5,4231,B1,鈴木　　裕隆,0,0,0.17,5.39,34.43,52.46,6.07,44.83,62.07,47,18.92,31.08,40,40.00,58.75,7R/1/.19/6,1R/4/.14/3 7R/5/.20/5,7R/3/.16/6,5R/6/.09/4 12R/2/.15/5,,,愛知,愛知,43,12:14,第９回ういちの江戸川ナイスぅ〜っ！カップ,一般,５日目
江戸川,03,20260930,3R,6,5404,B1,内田　　　壮,1,0,0.20,2.25,3.61,10.84,0.00,0.00,0.00,18,31.94,47.22,64,45.95,62.16,4R/6/.24/6 8R/5/.16/6,2R/4/.16/6,1R/5/.17/6 6R/6/.14/6,4R/4/.17/2,,,山口,山口,22,12:14,第９回ういちの江戸川ナイスぅ〜っ！カップ,一般,５日目
江戸川,03,20260930,4R,1,3508,A2,久富　　政弘,0,0,0.20,5.00,28.85,50.00,4.45,27.27,43.18,16,33.80,52.11,29,39.47,60.53,4R/3/.21/1 10R/5/.30/6,10R/1/.10/2,4R/4/.06/3 10R/2/.25/5,8R/6/.14/4,,,佐賀,佐賀,55,12:40,第９回ういちの江戸川ナイスぅ〜っ！カップ,一般,５日目
江戸川,03,20260930,4R,2,4440,B1,萩原　　知哉,0,0,0.17,4.60,29.03,39.78,5.10,27.59,50.00,35,30.56,47.22,32,43.06,63.89,3R/3/.24/4 7R/4/.26/4,6R/5/.18/5,1R/6/.17/3 9R/2/.07/2,2R/1/.01/2 9R/4/.11/5,,,東京,茨城,40,12:40,第９回ういちの江戸川ナイスぅ〜っ！カップ,一般,５日目
江戸川,03,20260930,4R,3,5328,B1,井上　　慧人,0,0,0.19,4.35,21.28,41.49,3.83,16.67,16.67,24,30.77,51.28,11,17.81,38.36,4R/1/.12/2 9R/2/.16/4,4R/6/.12/6,3R/3/.15/1 11R/5/.32/6,5R/4/.09/6,,,福岡,福岡,22,12:40,第９回ういちの江戸川ナイスぅ〜っ！カップ,一般,５日目
江戸川,03,20260930,4R,4,3911,B1,鈴木　　　猛,0,0,0.17,4.72,25.64,41.88,5.26,31.07,48.54,38,36.99,47.95,24,31.25,46.25,9R/4/.15/1,3R/1/.12/1 10R/3/.10/1,7R/2/.01/2,3R/5/.32/4 11R/6/.19/5,,,東京,東京,52,12:40,第９回ういちの江戸川ナイスぅ〜っ！カップ,一般,５日目
江戸川,03,20260930,4R,5,4724,B1,吉田　　祐貴,0,0,0.18,3.60,9.33,29.33,4.07,13.33,40.00,26,31.58,48.68,54,27.03,48.65,1R/5/.15/4 7R/2/.29/3,3R/6/.15/4,1R/4/.21/5 5R/3/.18/4,4R/1/.11/1,,,佐賀,佐賀,40,12:40,第９回ういちの江戸川ナイスぅ〜っ！カップ,一般,５日目
江戸川,03,20260930,4R,6,4364,A1,池永　　　太,0,0,0.13,6.03,41.96,52.68,6.74,44.12,55.88,17,35.62,52.05,62,32.47,57.14,7R/3/.20/2 12R/1/.02/1,8R/5/.12/1,5R/2/.11/1 9R/6/.06/3,11R/1/.11/2,,,福岡,宮崎,41,12:40,第９回ういちの江戸川ナイスぅ〜っ！カップ,一般,５日目
江戸川,03,20260930,5R,1,3482,B1,金子　　猛志,0,0,0.15,4.81,29.17,45.00,5.62,35.63,56.32,59,33.78,50.00,12,35.06,51.95,5R/5/.26/2,5R/6/.15/6 11R/2/.25/2,8R/4/.27/2,6R/1/.09/2 10R/3/.14/3,,,群馬,群馬,55,13:06,第９回ういちの江戸川ナイスぅ〜っ！カップ,一般,５日目
江戸川,03,20260930,5R,2,4035,B1,杉江　　浩明,0,0,0.21,3.54,20.56,31.78,3.30,10.00,30.00,49,38.46,57.69,41,40.00,56.00,3R/1/.27/1,2R/3/.24/3 12R/5/.15/6,3R/6/.25/4,1R/4/.11/2 5R/2/.24/5,,,愛知,愛知,47,13:06,第９回ういちの江戸川ナイスぅ〜っ！カップ,一般,５日目
江戸川,03,20260930,5R,3,4934,A2,佐々木　翔斗,0,0,0.17,5.40,34.65,51.49,6.33,44.44,55.56,31,39.13,57.97,66,30.67,54.67,6R/4/.31/3 11R/1/.20/1,8R/2/.28/3,3R/5/.18/2 12R/3/.34/2,3R/6/.32/3,,,大阪,大阪,30,13:06,第９回ういちの江戸川ナイスぅ〜っ！カップ,一般,５日目
江戸川,03,20260930,5R,4,5172,B1,田村　　　慶,0,0,0.19,4.99,34.00,47.00,0.00,0.00,0.00,25,42.47,58.90,58,18.06,36.11,3R/5/.36/5 11R/2/.25/3,1R/6/.19/5,3R/1/.18/3 9R/3/.13/6,7R/4/.09/5,,,徳島,徳島,25,13:06,第９回ういちの江戸川ナイスぅ〜っ！カップ,一般,５日目
江戸川,03,20260930,5R,5,4644,A1,山田　　亮太,0,0,0.14,6.64,48.89,71.85,6.17,40.70,61.63,53,33.78,51.35,61,44.00,64.00,12R/6/.02/3,6R/3/.16/4 11R/1/.27/1,4R/5/.02/2,6R/2/.14/3 12R/1/.13/1,,,東京,東京,47,13:06,第９回ういちの江戸川ナイスぅ〜っ！カップ,一般,５日目
江戸川,03,20260930,5R,6,5424,B2,熊倉　　幹太,0,0,0.22,1.50,1.72,1.72,1.50,0.00,0.00,28,39.73,65.75,10,41.43,58.57,1R/6/.36/6 6R/5/.12/2,4R/4/.07/5,2R/5/.13/6 9R/4/.07/1,1R/6/.15/6,1R/5/.16/3,,東京,東京,24,13:06,第９回ういちの江戸川ナイスぅ〜っ！カップ,一般,５日目
江戸川,03,20260930,6R,1,4259,A2,真庭　　明志,0,0,0.15,5.63,34.81,57.04,7.30,60.00,90.00,61,29.73,47.30,48,29.49,51.28,5R/4/.17/1,4R/5/.10/4 10R/6/.12/5,8R/1/.15/1,7R/2/.11/2 12R/3/.14/3,,,長崎,長崎,42,13:32,第９回ういちの江戸川ナイスぅ〜っ！カップ,一般,５日目
江戸川,03,20260930,6R,2,5035,A2,櫻井　　　優,0,0,0.17,5.40,37.19,53.72,5.56,22.22,55.56,70,20.00,40.00,53,47.89,63.38,3R/2/.25/2,4R/1/.14/2 11R/5/.22/4,6R/3/.14/2 12R/6/.47/3,12R/4/.12/2,,,埼玉,埼玉,28,13:32,第９回ういちの江戸川ナイスぅ〜っ！カップ,一般,５日目
江戸川,03,20260930,6R,3,4728,B1,山口　　　亮,1,0,0.18,4.66,27.71,40.96,4.94,30.49,47.56,41,29.58,42.25,39,47.95,60.27,6R/2/.26/6,1R/3/.22/6 9R/6/.27/4,5R/5/.19/3,1R/1/.22/1 6R/4/.47/5,,,東京,神奈川,38,13:32,第９回ういちの江戸川ナイスぅ〜っ！カップ,一般,５日目
江戸川,03,20260930,6R,4,3906,B1,飯山　　晃三,1,0,0.21,3.66,20.43,31.18,3.08,19.23,23.08,60,25.00,48.68,20,19.72,35.21,7R/6/.25/5,4R/2/.19/3 9R/5/.25/6,1R/3/.25/4,3R/1/.22/6 10R/4/.23/4,,,長崎,長崎,48,13:32,第９回ういちの江戸川ナイスぅ〜っ！カップ,一般,５日目
江戸川,03,20260930,6R,5,4508,A2,野間　　大樹,1,0,0.18,4.92,27.78,48.61,5.10,40.00,50.00,32,38.46,57.69,65,24.24,36.36,3R/4/.38/3 10R/6/.29/3,9R/1/.17/1,2R/3/.11/1 12R/5/.40/4,10R/2/.15/2,,,大阪,大阪,38,13:32,第９回ういちの江戸川ナイスぅ〜っ！カップ,一般,５日目
江戸川,03,20260930,6R,6,4952,B1,吉武　　真也,0,0,0.19,4.17,20.69,34.48,4.42,22.22,40.00,21,25.76,43.94,38,24.64,36.23,2R/4/.15/4 11R/5/.26/5,5R/3/.12/5,1R/2/.18/2 7R/5/.08/5,8R/1/.04/5,1R/4/.22/1,,福岡,福岡,32,13:32,第９回ういちの江戸川ナイスぅ〜っ！カップ,一般,５日目
江戸川,03,20260930,7R,1,5303,A2,土井　　歩夢,0,0,0.19,5.98,37.50,62.50,4.79,24.24,48.48,40,20.83,37.50,18,29.73,44.59,6R/6/.21/1,3R/5/.11/5 12R/2/.13/2,10R/3/.07/4,5R/1/.17/1 11R/4/.12/4,,,福岡,福岡,23,13:58,第９回ういちの江戸川ナイスぅ〜っ！カップ,一般,５日目
江戸川,03,20260930,7R,2,4615,B1,板倉　　敦史,0,0,0.19,4.66,25.58,39.53,4.47,20.00,43.64,39,22.39,41.79,13,41.33,57.33,4R/4/.24/4,1R/1/.19/1 5R/5/.19/3,4R/2/.06/5,3R/3/.24/5 12R/6/.23/4,,,東京,千葉,46,13:58,第９回ういちの江戸川ナイスぅ〜っ！カップ,一般,５日目
江戸川,03,20260930,7R,3,5219,B1,森口　　和紀,0,0,0.20,5.42,39.42,50.00,4.13,18.75,31.25,15,30.77,47.44,30,32.00,49.33,5R/6/.23/4 10R/4/.23/4,6R/1/.15/1,6R/2/.18/1 10R/5/.06/1,7R/3/.06/3,,,福岡,福岡,25,13:58,第９回ういちの江戸川ナイスぅ〜っ！カップ,一般,５日目
江戸川,03,20260930,7R,4,4873,B1,蒲原　　健太,0,0,0.20,4.93,30.83,48.12,2.83,16.67,16.67,20,33.78,50.00,55,44.12,57.35,2R/3/.13/3 6R/1/.24/5,6R/6/.25/6,5R/4/.21/5 12R/2/.33/6,7R/5/.10/4,1R/6/.26/5,,佐賀,佐賀,32,13:58,第９回ういちの江戸川ナイスぅ〜っ！カップ,一般,５日目
江戸川,03,20260930,7R,5,5404,B1,内田　　　壮,1,0,0.20,2.25,3.61,10.84,0.00,0.00,0.00,18,31.94,47.22,64,45.95,62.16,4R/6/.24/6 8R/5/.16/6,2R/4/.16/6,1R/5/.17/6 6R/6/.14/6,4R/4/.17/2,3R/6/.19/6,,山口,山口,22,13:58,第９回ういちの江戸川ナイスぅ〜っ！カップ,一般,５日目
江戸川,03,20260930,7R,6,4748,A1,渡邉　　雄朗,1,0,0.16,6.21,46.15,66.35,6.64,46.52,67.38,52,40.85,57.75,46,30.77,36.92,12R/2/.22/2,4R/3/.11/1 12R/1/.14/1,7R/6/.19/3,5R/5/.06/2 10R/1/.13/1,,,東京,千葉,40,13:58,第９回ういちの江戸川ナイスぅ〜っ！カップ,一般,５日目
江戸川,03,20260930,8R,1,5093,B2,浦野　　　海,0,0,0.18,3.17,9.86,23.94,5.20,40.00,40.00,30,51.43,71.43,51,28.77,49.32,2R/6/.12/5 7R/5/.28/1,11R/3/.29/6,3R/2/.18/5 7R/1/.01/1,3R/4/.25/2,1R/3/.21/4,,福岡,福岡,24,14:26,第９回ういちの江戸川ナイスぅ〜っ！カップ,一般,５日目
江戸川,03,20260930,8R,2,4685,A1,島村　　隆幸,1,0,0.14,7.24,53.77,72.64,7.07,59.26,70.37,48,33.78,44.59,17,35.21,43.66,12R/4/.12/5,2R/6/.13/4 10R/2/.13/4,12R/1/.29/1,3R/2/.22/1 8R/3/.04/2,,,徳島,高知,35,14:26,第９回ういちの江戸川ナイスぅ〜っ！カップ,一般,５日目
江戸川,03,20260930,8R,3,4550,A2,石岡　　将太,0,0,0.16,4.87,23.58,47.17,5.76,49.15,57.63,51,28.00,37.33,25,30.77,49.23,8R/6/.17/4,3R/2/.09/3 9R/4/.21/2,9R/1/.09/5,6R/3/.13/4 11R/5/.17/6,,,群馬,群馬,37,14:26,第９回ういちの江戸川ナイスぅ〜っ！カップ,一般,５日目
江戸川,03,20260930,8R,4,3508,A2,久富　　政弘,0,0,0.20,5.00,28.85,50.00,4.45,27.27,43.18,16,33.80,52.11,29,39.47,60.53,4R/3/.21/1 10R/5/.30/6,10R/1/.10/2,4R/4/.06/3 10R/2/.25/5,8R/6/.14/4,4R/1/.18/1,,佐賀,佐賀,55,14:26,第９回ういちの江戸川ナイスぅ〜っ！カップ,一般,５日目
江戸川,03,20260930,8R,5,4565,B1,西村　　豪洋,0,0,0.18,4.16,16.35,33.65,2.67,0.00,22.22,29,21.79,39.74,45,28.77,42.47,5R/1/.22/6 9R/3/.16/5,1R/2/.16/2,2R/4/.16/4 10R/6/.14/3,1R/5/.11/5,2R/3/.08/5,,愛知,愛知,38,14:26,第９回ういちの江戸川ナイスぅ〜っ！カップ,一般,５日目
江戸川,03,20260930,8R,6,5244,B1,黒田　　　剛,1,0,0.16,4.03,20.00,28.75,4.05,16.67,35.71,22,31.58,38.16,34,28.38,48.65,1R/4/.20/5 9R/6/.33/6,9R/2/.17/5,4R/1/.08/4 8R/5/.33/6,1R/3/.15/4,3R/4/.16/5,,福岡,福岡,26,14:26,第９回ういちの江戸川ナイスぅ〜っ！カップ,一般,５日目
江戸川,03,20260930,9R,1,5004,A2,河野　　主樹,1,0,0.15,5.82,38.17,59.54,4.96,33.33,40.74,62,41.56,62.34,31,30.56,47.22,8R/1/.16/2,6R/2/.15/2 10R/5/.13/3,11R/6/.29/4,2R/4/.03/4 11R/3/.11/1,,,大阪,大阪,30,14:53,第９回ういちの江戸川ナイスぅ〜っ！カップ,一般特賞,５日目
江戸川,03,20260930,9R,2,4724,B1,吉田　　祐貴,0,0,0.18,3.60,9.33,29.33,4.07,13.33,40.00,26,31.58,48.68,54,27.03,48.65,1R/5/.15/4 7R/2/.29/3,3R/6/.15/4,1R/4/.21/5 5R/3/.18/4,4R/1/.11/1,4R/5/.26/5,,佐賀,佐賀,40,14:53,第９回ういちの江戸川ナイスぅ〜っ！カップ,一般特賞,５日目
江戸川,03,20260930,9R,3,4875,B1,大塚　　康雅,0,0,0.18,5.48,37.14,51.43,5.21,34.82,50.00,12,38.16,55.26,27,51.90,64.56,1R/1/.18/1 10R/3/.20/2,8R/4/.22/4,2R/2/.08/5 8R/6/.36/5,4R/5/.12/6,2R/2/.09/4,,東京,神奈川,32,14:53,第９回ういちの江戸川ナイスぅ〜っ！カップ,一般特賞,５日目
江戸川,03,20260930,9R,4,5073,A2,上原　健次郎,0,0,0.18,5.32,31.20,44.80,5.03,28.21,53.85,56,49.37,69.62,43,35.82,49.25,10R/1/.19/1,7R/3/.18/3 11R/4/.29/5,9R/5/.14/4,4R/2/.17/5,,,福岡,沖縄,31,14:53,第９回ういちの江戸川ナイスぅ〜っ！カップ,一般特賞,５日目
江戸川,03,20260930,9R,5,4377,A1,濱本　　優一,0,0,0.15,5.43,35.77,55.28,6.61,50.00,73.68,27,35.14,50.00,56,38.03,63.38,5R/2/.25/3 12R/3/.13/4,7R/6/.09/2,6R/4/.07/5 11R/1/.18/1,,3R/3/.12/1,,大阪,大阪,42,14:53,第９回ういちの江戸川ナイスぅ〜っ！カップ,一般特賞,５日目
江戸川,03,20260930,9R,6,5172,B1,田村　　　慶,0,0,0.19,4.99,34.00,47.00,0.00,0.00,0.00,25,42.47,58.90,58,18.06,36.11,3R/5/.36/5 11R/2/.25/3,1R/6/.19/5,3R/1/.18/3 9R/3/.13/6,7R/4/.09/5,5R/4/.19/3,,徳島,徳島,25,14:53,第９回ういちの江戸川ナイスぅ〜っ！カップ,一般特賞,５日目
江戸川,03,20260930,10R,1,4637,A2,中田　　友也,0,0,0.18,5.64,38.57,52.86,5.00,22.22,55.56,10,35.21,46.48,49,45.95,58.11,9R/5/.33/2,5R/4/.17/4 12R/3/.30/5,2R/6/.17/3 11R/2/.25/5,9R/1/.13/1,,,埼玉,埼玉,36,15:23,第９回ういちの江戸川ナイスぅ〜っ！カップ,一般特賞,５日目
江戸川,03,20260930,10R,2,5032,A2,谷口　　知優,0,0,0.16,5.00,31.45,46.77,6.75,50.00,75.00,36,46.67,69.33,26,34.67,50.67,4R/2/.20/3 11R/4/.28/4,11R/6/.20/3,5R/1/.27/2 11R/3/.20/2,8R/4/.02/6 12R/5/.17/6,,,香川,愛媛,28,15:23,第９回ういちの江戸川ナイスぅ〜っ！カップ,一般特賞,５日目
江戸川,03,20260930,10R,3,4201,B1,佐竹　　友樹,0,0,0.18,4.33,21.37,35.90,4.24,20.41,32.65,33,31.94,45.83,28,41.10,60.27,6R/3/.21/4 10R/2/.20/5,2R/5/.12/1,2R/1/.06/2 7R/4/.06/4,6R/6/.16/6,1R/2/.25/6,,埼玉,宮城,44,15:23,第９回ういちの江戸川ナイスぅ〜っ！カップ,一般特賞,５日目
江戸川,03,20260930,10R,4,4568,B1,廣瀬　　真也,0,0,0.15,5.41,33.64,52.34,5.88,43.33,61.67,34,47.44,65.38,22,28.00,41.33,2R/2/.12/2 8R/4/.09/5,1R/5/.18/4,1R/1/.14/1 8R/3/.18/4,2R/6/.05/5 8R/2/.06/3,,,東京,神奈川,38,15:23,第９回ういちの江戸川ナイスぅ〜っ！カップ,一般特賞,５日目
江戸川,03,20260930,10R,5,5328,B1,井上　　慧人,0,0,0.19,4.35,21.28,41.49,3.83,16.67,16.67,24,30.77,51.28,11,17.81,38.36,4R/1/.12/2 9R/2/.16/4,4R/6/.12/6,3R/3/.15/1 11R/5/.32/6,5R/4/.09/6,4R/3/.19/6,,福岡,福岡,22,15:23,第９回ういちの江戸川ナイスぅ〜っ！カップ,一般特賞,５日目
江戸川,03,20260930,10R,6,4610,A1,佐藤　　大佑,1,0,0.15,6.12,45.69,56.90,6.05,42.34,57.66,65,41.33,50.67,15,32.43,48.65,12R/5/.13/6,5R/2/.10/1 9R/3/.23/3,3R/4/.15/6 10R/1/.20/6,4R/3/.19/4,,,東京,千葉,36,15:23,第９回ういちの江戸川ナイスぅ〜っ！カップ,一般特賞,５日目
江戸川,03,20260930,11R,1,4364,A1,池永　　　太,0,0,0.13,6.03,41.96,52.68,6.74,44.12,55.88,17,35.62,52.05,62,32.47,57.14,7R/3/.20/2 12R/1/.02/1,8R/5/.12/1,5R/2/.11/1 9R/6/.06/3,11R/1/.11/2,4R/6/.16/4,,福岡,宮崎,41,15:54,第９回ういちの江戸川ナイスぅ〜っ！カップ,準優勝戦,５日目
江戸川,03,20260930,11R,2,4644,A1,山田　　亮太,0,0,0.14,6.64,48.89,71.85,6.17,40.70,61.63,53,33.78,51.35,61,44.00,64.00,12R/6/.02/3,6R/3/.16/4 11R/1/.27/1,4R/5/.02/2,6R/2/.14/3 12R/1/.13/1,5R/5/.17/4,,東京,東京,47,15:54,第９回ういちの江戸川ナイスぅ〜っ！カップ,準優勝戦,５日目
江戸川,03,20260930,11R,3,3907,B1,村越　　　篤,0,0,0.16,5.16,33.33,47.86,5.43,33.33,57.97,50,23.68,40.79,68,30.77,43.59,8R/3/.19/1,7R/1/.17/1 12R/4/.13/4,4R/6/.11/6,2R/2/.02/1 6R/5/.15/1,2R/4/.07/3,,香川,愛媛,48,15:54,第９回ういちの江戸川ナイスぅ〜っ！カップ,準優勝戦,５日目
江戸川,03,20260930,11R,4,5219,B1,森口　　和紀,0,0,0.20,5.42,39.42,50.00,4.13,18.75,31.25,15,30.77,47.44,30,32.00,49.33,5R/6/.23/4 10R/4/.23/4,6R/1/.15/1,6R/2/.18/1 10R/5/.06/1,7R/3/.06/3,7R/3/.15/3,,福岡,福岡,25,15:54,第９回ういちの江戸川ナイスぅ〜っ！カップ,準優勝戦,５日目
江戸川,03,20260930,11R,5,5035,A2,櫻井　　　優,0,0,0.17,5.40,37.19,53.72,5.56,22.22,55.56,70,20.00,40.00,53,47.89,63.38,3R/2/.25/2,4R/1/.14/2 11R/5/.22/4,6R/3/.14/2 12R/6/.47/3,12R/4/.12/2,6R/2/.15/2,,埼玉,埼玉,28,15:54,第９回ういちの江戸川ナイスぅ〜っ！カップ,準優勝戦,５日目
江戸川,03,20260930,11R,6,5212,A2,西川　　拓利,0,0,0.13,6.21,45.97,66.13,5.62,33.33,57.14,43,33.33,58.67,23,18.84,43.48,11R/3/.21/2,6R/4/.14/3 12R/6/.06/3,8R/2/.19/3,2R/5/.02/3 7R/1/.09/1,3R/1/.28/3,,福岡,福岡,27,15:54,第９回ういちの江戸川ナイスぅ〜っ！カップ,準優勝戦,５日目
江戸川,03,20260930,12R,1,4748,A1,渡邉　　雄朗,1,0,0.16,6.21,46.15,66.35,6.64,46.52,67.38,52,40.85,57.75,46,30.77,36.92,12R/2/.22/2,4R/3/.11/1 12R/1/.14/1,7R/6/.19/3,5R/5/.06/2 10R/1/.13/1,,,東京,千葉,40,16:26,第９回ういちの江戸川ナイスぅ〜っ！カップ,準優勝戦,５日目
江戸川,03,20260930,12R,2,4508,A2,野間　　大樹,1,0,0.18,4.92,27.78,48.61,5.10,40.00,50.00,32,38.46,57.69,65,24.24,36.36,3R/4/.38/3 10R/6/.29/3,9R/1/.17/1,2R/3/.11/1 12R/5/.40/4,10R/2/.15/2,6R/5/.18/6,,大阪,大阪,38,16:26,第９回ういちの江戸川ナイスぅ〜っ！カップ,準優勝戦,５日目
江戸川,03,20260930,12R,3,3911,B1,鈴木　　　猛,0,0,0.17,4.72,25.64,41.88,5.26,31.07,48.54,38,36.99,47.95,24,31.25,46.25,9R/4/.15/1,3R/1/.12/1 10R/3/.10/1,7R/2/.01/2,3R/5/.32/4 11R/6/.19/5,4R/4/.18/2,,東京,東京,52,16:26,第９回ういちの江戸川ナイスぅ〜っ！カップ,準優勝戦,５日目
江戸川,03,20260930,12R,4,4934,A2,佐々木　翔斗,0,0,0.17,5.40,34.65,51.49,6.33,44.44,55.56,31,39.13,57.97,66,30.67,54.67,6R/4/.31/3 11R/1/.20/1,8R/2/.28/3,3R/5/.18/2 12R/3/.34/2,3R/6/.32/3,5R/3/.15/1,,大阪,大阪,30,16:26,第９回ういちの江戸川ナイスぅ〜っ！カップ,準優勝戦,５日目
江戸川,03,20260930,12R,5,4685,A1,島村　　隆幸,1,0,0.14,7.24,53.77,72.64,7.07,59.26,70.37,48,33.78,44.59,17,35.21,43.66,12R/4/.12/5,2R/6/.13/4 10R/2/.13/4,12R/1/.29/1,3R/2/.22/1 8R/3/.04/2,8R/2/.18/1,,徳島,高知,35,16:26,第９回ういちの江戸川ナイスぅ〜っ！カップ,準優勝戦,５日目
江戸川,03,20260930,12R,6,4957,B1,竹之内　　極,0,0,0.17,5.41,34.26,53.70,6.30,54.35,67.39,19,25.00,41.67,14,24.66,35.62,3R/6/.34/6 8R/2/.25/3,8R/1/.32/2,4R/3/.02/1 11R/4/.26/3,8R/5/.07/1,2R/1/.05/1,,福岡,鹿児島,31,16:26,第９回ういちの江戸川ナイスぅ〜っ！カップ,準優勝戦,５日目
平和島,04,20260930,1R,1,3391,B2,鈴木　　茂正,0,0,,2.22,3.70,7.41,0.00,0.00,0.00,20,33.82,52.94,67,40.30,59.70,2R/6/.25/6,1R/3/.28/4,,,,,東京,東京,61,10:56,マスターズリーグ第６戦 俺の生きる道杯,予選,３日目
平和島,04,20260930,1R,2,3714,B1,梶原　　　正,0,0,0.16,4.25,25.27,36.26,4.94,25.81,45.16,14,38.71,54.84,55,41.77,63.29,2R/1/.14/3 9R/5/.12/4,5R/5/.15/3,,,,,福岡,福岡,51,10:56,マスターズリーグ第６戦 俺の生きる道杯,予選,３日目
平和島,04,20260930,1R,3,3679,A2,飯島　　昌弘,0,0,0.17,6.67,48.87,72.18,6.50,43.42,68.42,32,32.00,45.33,16,33.33,52.38,4R/4/.14/3 11R/5/.10/1,10R/2/.23/2,,,,,埼玉,埼玉,53,10:56,マスターズリーグ第６戦 俺の生きる道杯,予選,３日目
平和島,04,20260930,1R,4,3211,B1,北川　　敏弘,0,0,0.18,4.09,18.52,31.48,0.00,0.00,0.00,43,35.29,54.41,50,21.74,43.48,7R/6/.08/4,1R/5/.07/2 8R/2/.22/5,,,,,佐賀,佐賀,64,10:56,マスターズリーグ第６戦 俺の生きる道杯,予選,３日目
平和島,04,20260930,1R,5,3882,B1,新田　　智彰,0,0,0.17,4.34,18.95,42.11,4.79,26.47,44.12,15,35.82,52.24,61,33.33,50.00,1R/3/.23/3 10R/3/.08/5,2R/6/.16/5,,,,,大阪,大阪,53,10:56,マスターズリーグ第６戦 俺の生きる道杯,予選,３日目
平和島,04,20260930,1R,6,3944,A1,山口　　裕二,1,0,0.17,5.84,39.77,59.09,5.96,46.15,61.54,68,44.07,64.41,70,39.39,57.58,2R/5/.15/2 11R/1/.26/4,8R/4/.17/1,,,,,長崎,佐賀,47,10:56,マスターズリーグ第６戦 俺の生きる道杯,予選,３日目
平和島,04,20260930,2R,1,3532,B2,柴田　　　光,2,0,0.15,5.84,37.50,55.00,7.62,65.38,80.77,12,60.26,73.08,58,22.73,37.88,1R/2/.30/6,3R/5/.14/6 9R/4/.16/4,,,,,群馬,群馬,54,11:25,マスターズリーグ第６戦 俺の生きる道杯,予選,３日目
平和島,04,20260930,2R,2,3713,A1,伊藤　　誠二,1,0,0.15,4.93,33.33,45.05,6.24,36.00,64.00,57,22.73,51.52,72,33.87,59.68,10R/6/.16/3,1R/4/.10/1 11R/6/.13/5,,,,,愛知,愛知,52,11:25,マスターズリーグ第６戦 俺の生きる道杯,予選,３日目
平和島,04,20260930,2R,3,3863,B1,海老澤　泰行,0,0,0.17,4.44,21.62,36.04,3.95,23.33,31.67,44,16.92,32.31,44,28.99,44.93,3R/5/.22/4 8R/6/.14/6,4R/1/.17/2,,,,,東京,東京,52,11:25,マスターズリーグ第６戦 俺の生きる道杯,予選,３日目
平和島,04,20260930,2R,4,3878,B1,胡本　　悟志,0,0,0.17,4.25,17.58,35.16,5.45,18.18,54.55,51,35.19,48.15,57,50.00,65.15,1R/6/.11/4 7R/2/.20/5,5R/4/.06/2,,,,,山口,山口,49,11:25,マスターズリーグ第６戦 俺の生きる道杯,予選,３日目
平和島,04,20260930,2R,5,3978,A2,齊藤　　　仁,1,0,0.16,6.09,30.97,63.72,7.14,52.29,69.72,11,35.00,51.67,62,34.18,60.76,1R/5/.16/1 9R/2/.19/2,8R/1/.20/2,,,,,東京,東京,49,11:25,マスターズリーグ第６戦 俺の生きる道杯,予選,３日目
平和島,04,20260930,2R,6,4047,B1,吉永　　浩則,1,0,0.18,3.43,16.25,27.50,2.67,8.33,16.67,17,25.64,37.18,23,32.39,54.93,6R/4/.13/5,4R/5/.17/5 8R/3/.23/6,,,,,大阪,大阪,46,11:25,マスターズリーグ第６戦 俺の生きる道杯,予選,３日目
平和島,04,20260930,3R,1,3868,B1,尾形　　栄治,0,0,0.21,4.57,23.91,41.30,5.91,45.45,72.73,54,22.39,32.84,60,47.06,63.24,5R/3/.25/1 10R/5/.15/2,5R/2/.03/5,,,,,東京,東京,51,11:54,マスターズリーグ第６戦 俺の生きる道杯,予選,３日目
平和島,04,20260930,3R,2,3297,B1,藤丸　　光一,0,0,0.21,4.74,26.42,42.45,3.83,12.50,33.33,71,30.77,43.59,22,34.29,51.43,4R/1/.15/1,5R/3/.13/4 11R/2/.16/3,,,,,福岡,福岡,59,11:54,マスターズリーグ第６戦 俺の生きる道杯,予選,３日目
平和島,04,20260930,3R,3,4131,B1,原　　　豊土,0,0,0.17,5.62,37.61,55.96,5.11,35.71,46.43,53,31.82,51.52,54,36.99,53.42,5R/5/.20/2 11R/4/.13/2,6R/1/.13/1,,,,,静岡,愛知,46,11:54,マスターズリーグ第６戦 俺の生きる道杯,予選,３日目
平和島,04,20260930,3R,4,3158,A2,島川　　光男,0,0,0.15,6.40,46.09,64.06,6.40,55.00,70.00,63,30.77,43.59,11,26.76,45.07,2R/3/.07/1 10R/1/.11/4,10R/5/.19/4,,,,,広島,広島,61,11:54,マスターズリーグ第６戦 俺の生きる道杯,予選,３日目
平和島,04,20260930,3R,5,3952,A1,中澤　　和志,0,0,0.14,6.57,45.65,63.04,6.68,48.94,68.09,22,14.49,27.54,45,36.62,50.70,5R/1/.19/3 12R/4/.14/2,3R/6/.18/2 11R/4/.09/1,,,,,埼玉,岩手,50,11:54,マスターズリーグ第６戦 俺の生きる道杯,予選,３日目
平和島,04,20260930,3R,6,3430,B1,角浜　　　修,0,0,0.17,4.33,23.58,38.68,4.78,33.33,44.44,75,25.00,35.29,59,23.08,33.85,6R/3/.18/1,3R/2/.05/4 12R/4/.20/5,,,,,広島,広島,58,11:54,マスターズリーグ第６戦 俺の生きる道杯,予選,３日目
平和島,04,20260930,4R,1,3619,B1,長谷川　　充,0,0,0.19,5.11,29.29,50.51,4.81,25.00,37.50,47,23.68,38.16,18,28.13,46.88,4R/2/.13/2 9R/4/.14/3,9R/6/.15/5,,,,,群馬,群馬,52,12:23,マスターズリーグ第６戦 俺の生きる道杯,予選,３日目
平和島,04,20260930,4R,2,3616,B1,中村　　　真,0,0,0.16,4.77,25.68,51.35,5.20,20.00,50.00,33,40.54,54.05,21,26.32,43.86,3R/3/.12/5 11R/6/.11/5,3R/3/.05/5,,,,,福岡,福岡,53,12:23,マスターズリーグ第６戦 俺の生きる道杯,予選,３日目
平和島,04,20260930,4R,3,3988,A2,古川　　誠之,0,0,0.15,6.13,38.46,65.03,4.86,28.57,45.71,67,15.71,32.86,65,27.42,40.32,7R/5/.15/6 11R/2/.26/3,11R/1/.09/2,,,,,愛知,愛知,48,12:23,マスターズリーグ第６戦 俺の生きる道杯,予選,３日目
平和島,04,20260930,4R,4,4076,B1,杉田　　篤光,0,0,0.21,4.85,26.72,45.80,5.42,29.17,50.00,59,25.00,42.19,49,24.29,41.43,1R/1/.26/2 8R/3/.13/4,6R/5/.19/3,,,,,静岡,静岡,48,12:23,マスターズリーグ第６戦 俺の生きる道杯,予選,３日目
平和島,04,20260930,4R,5,3741,B1,松尾　　基成,0,0,0.17,3.46,16.67,24.36,2.83,8.33,25.00,40,36.51,52.38,64,18.60,30.23,5R/4/.20/5,1R/6/.13/5 7R/2/.09/3,,,,,福岡,福岡,52,12:23,マスターズリーグ第６戦 俺の生きる道杯,予選,３日目
平和島,04,20260930,4R,6,3909,A1,佐々木　康幸,0,0,0.12,6.78,53.45,69.83,5.57,36.67,46.67,19,31.08,51.35,71,37.68,55.07,6R/5/.08/2 12R/3/.14/3,5R/1/.04/1 10R/4/.13/1,,,,,静岡,静岡,53,12:23,マスターズリーグ第６戦 俺の生きる道杯,予選,３日目
平和島,04,20260930,5R,1,3256,A1,三角　　哲男,0,0,0.15,6.81,54.26,72.87,6.77,45.78,73.49,38,43.33,53.33,48,27.08,43.75,7R/3/.16/1 12R/1/.26/4,6R/6/.13/4,,,,,東京,千葉,59,12:52,マスターズリーグ第６戦 俺の生きる道杯,東京ベイランチ,３日目
平和島,04,20260930,5R,2,3377,B1,塚田　　修二,0,0,0.21,4.41,20.00,41.11,4.42,23.33,38.33,61,44.07,59.32,46,23.53,33.33,4R/6/.13/5,2R/1/.18/3 7R/3/.08/6,,,,,東京,東京,59,12:52,マスターズリーグ第６戦 俺の生きる道杯,東京ベイランチ,３日目
平和島,04,20260930,5R,3,3880,B1,浅見　　宗孝,1,0,0.19,4.25,16.85,39.33,4.61,14.63,51.22,35,31.43,45.71,56,32.76,44.83,2R/4/.14/4 7R/1/.18/2,4R/2/.17/3,,,,,埼玉,埼玉,53,12:52,マスターズリーグ第６戦 俺の生きる道杯,東京ベイランチ,３日目
平和島,04,20260930,5R,4,3998,B1,冨成　　謙児,0,0,0.17,4.35,25.93,36.11,3.88,23.53,29.41,39,19.40,35.82,74,29.85,59.70,2R/2/.10/5 8R/5/.17/5,7R/1/.07/1,,,,,佐賀,佐賀,47,12:52,マスターズリーグ第６戦 俺の生きる道杯,東京ベイランチ,３日目
平和島,04,20260930,5R,5,3793,B1,高橋　　真吾,0,0,0.16,4.31,27.55,40.82,3.52,7.41,25.93,24,33.33,47.37,47,34.85,53.03,8R/2/.13/3,12R/3/.21/2,,,,,埼玉,東京,53,12:52,マスターズリーグ第６戦 俺の生きる道杯,東京ベイランチ,３日目
平和島,04,20260930,5R,6,3973,B1,崎　　　利仁,0,0,0.21,4.43,23.64,40.00,6.00,50.00,66.67,50,54.10,73.77,19,35.21,53.52,6R/1/.13/4,6R/2/.12/5 11R/5/.11/6,,,,,群馬,栃木,50,12:52,マスターズリーグ第６戦 俺の生きる道杯,東京ベイランチ,３日目
平和島,04,20260930,6R,1,3882,B1,新田　　智彰,0,0,0.17,4.34,18.95,42.11,4.79,26.47,44.12,15,35.82,52.24,61,33.33,50.00,1R/3/.23/3 10R/3/.08/5,2R/6/.16/5,1R/5/.21/6,,,,大阪,大阪,53,13:22,マスターズリーグ第６戦 俺の生きる道杯,予選,３日目
平和島,04,20260930,6R,2,3997,A1,北村　　征嗣,0,0,0.16,6.12,40.56,62.94,7.85,59.26,92.59,66,33.33,50.67,63,36.76,51.47,3R/2/.11/1 12R/5/.13/5,7R/6/.11/2,,,,,大阪,大阪,47,13:22,マスターズリーグ第６戦 俺の生きる道杯,予選,３日目
平和島,04,20260930,6R,3,4139,B1,丹下　　　健,0,0,0.19,4.40,26.19,42.86,4.35,32.35,44.12,56,20.00,40.00,53,42.25,59.15,3R/1/.16/2,2R/5/.11/4 10R/6/.37/6,,,,,愛知,愛知,45,13:22,マスターズリーグ第６戦 俺の生きる道杯,予選,３日目
平和島,04,20260930,6R,4,3718,B1,伊達　　正利,0,0,0.17,4.46,23.47,35.71,4.18,27.27,40.91,64,30.16,44.44,43,33.80,53.52,4R/3/.16/6,3R/1/.05/3 8R/5/.20/3,,,,,静岡,静岡,51,13:22,マスターズリーグ第６戦 俺の生きる道杯,予選,３日目
平和島,04,20260930,6R,5,3422,A2,服部　　幸男,0,0,0.14,5.80,39.06,53.91,6.10,42.86,57.14,70,14.49,24.64,10,38.16,52.63,3R/4/.18/3 10R/4/.11/6,9R/3/.14/1,,,,,静岡,静岡,55,13:22,マスターズリーグ第６戦 俺の生きる道杯,予選,３日目
平和島,04,20260930,6R,6,3516,B1,吉原　　聖人,1,0,0.19,4.69,32.63,42.11,4.88,31.25,43.75,55,23.61,45.83,75,36.76,52.94,3R/6/.29/6,1R/1/.30/3 6R/3/.27/6,,,,,広島,広島,58,13:22,マスターズリーグ第６戦 俺の生きる道杯,予選,３日目
平和島,04,20260930,7R,1,3690,B1,河合　　三弘,0,0,0.19,4.81,30.36,44.64,4.53,26.32,47.37,65,30.00,47.50,66,20.55,28.77,5R/2/.24/6,2R/4/.15/6 8R/6/.15/4,,,,,愛知,愛知,55,13:53,マスターズリーグ第６戦 俺の生きる道杯,予選,３日目
平和島,04,20260930,7R,2,3961,A1,谷村　　一哉,0,0,0.17,6.69,50.00,70.15,6.47,33.33,60.00,10,40.00,55.56,41,36.92,55.38,8R/4/.15/2 12R/6/.19/6,2R/3/.17/2 9R/5/.14/2,,,,,山口,山口,47,13:53,マスターズリーグ第６戦 俺の生きる道杯,予選,３日目
平和島,04,20260930,7R,3,3714,B1,梶原　　　正,0,0,0.16,4.25,25.27,36.26,4.94,25.81,45.16,14,38.71,54.84,55,41.77,63.29,2R/1/.14/3 9R/5/.12/4,5R/5/.15/3,1R/2/.08/4,,,,福岡,福岡,51,13:53,マスターズリーグ第６戦 俺の生きる道杯,予選,３日目
平和島,04,20260930,7R,4,3868,B1,尾形　　栄治,0,0,0.21,4.57,23.91,41.30,5.91,45.45,72.73,54,22.39,32.84,60,47.06,63.24,5R/3/.25/1 10R/5/.15/2,5R/2/.03/5,3R/1/.11/4,,,,東京,東京,51,13:53,マスターズリーグ第６戦 俺の生きる道杯,予選,３日目
平和島,04,20260930,7R,5,3826,A2,村田　　修次,0,0,0.15,6.30,47.20,68.00,6.18,41.82,54.55,34,35.38,61.54,13,41.82,49.09,11R/3/.20/6,9R/2/.08/3,,,,,東京,東京,53,13:53,マスターズリーグ第６戦 俺の生きる道杯,予選,３日目
平和島,04,20260930,7R,6,4027,A2,松江　　秀徳,1,0,0.16,5.34,32.56,51.16,5.76,36.00,60.00,28,14.81,35.19,51,43.24,56.76,9R/3/.19/6,7R/4/.14/4 12R/2/.27/4,,,,,佐賀,佐賀,48,13:53,マスターズリーグ第６戦 俺の生きる道杯,予選,３日目
平和島,04,20260930,8R,1,4077,A2,品田　　直樹,0,0,0.17,5.37,33.91,51.30,4.92,28.57,53.06,25,41.67,70.00,12,25.97,42.86,10R/2/.12/1,6R/4/.18/2 12R/6/.24/3,,,,,東京,神奈川,47,14:24,マスターズリーグ第６戦 俺の生きる道杯,ベイブレイク,３日目
平和島,04,20260930,8R,2,3391,B2,鈴木　　茂正,0,0,,2.22,3.70,7.41,0.00,0.00,0.00,20,33.82,52.94,67,40.30,59.70,2R/6/.25/6,1R/3/.28/4,1R/1/.11/1,,,,東京,東京,61,14:24,マスターズリーグ第６戦 俺の生きる道杯,ベイブレイク,３日目
平和島,04,20260930,8R,3,3297,B1,藤丸　　光一,0,0,0.21,4.74,26.42,42.45,3.83,12.50,33.33,71,30.77,43.59,22,34.29,51.43,4R/1/.15/1,5R/3/.13/4 11R/2/.16/3,3R/2/.12/3,,,,福岡,福岡,59,14:24,マスターズリーグ第６戦 俺の生きる道杯,ベイブレイク,３日目
平和島,04,20260930,8R,4,3554,A1,仲口　　博崇,0,0,0.18,6.48,51.77,68.09,6.03,33.33,56.67,49,21.74,39.13,15,20.59,39.71,4R/5/.15/4 12R/2/.21/1,4R/3/.18/6 12R/1/.23/1,,,,,愛知,愛知,54,14:24,マスターズリーグ第６戦 俺の生きる道杯,ベイブレイク,３日目
平和島,04,20260930,8R,5,3929,B1,杢野　　誓良,0,0,0.16,4.36,20.72,38.74,4.94,33.33,50.00,13,31.34,52.24,14,36.36,54.55,9R/6/.16/5,1R/2/.29/6 10R/1/.17/5,,,,,愛知,愛知,50,14:24,マスターズリーグ第６戦 俺の生きる道杯,ベイブレイク,３日目
平和島,04,20260930,8R,6,3807,B1,岡部　　　哲,0,0,0.17,4.91,26.23,46.72,4.50,10.00,40.00,69,38.03,60.56,73,32.14,50.00,1R/4/.17/5 6R/2/.14/3,7R/5/.10/5,,,,,埼玉,埼玉,51,14:24,マスターズリーグ第６戦 俺の生きる道杯,ベイブレイク,３日目
平和島,04,20260930,9R,1,3878,B1,胡本　　悟志,0,0,0.17,4.25,17.58,35.16,5.45,18.18,54.55,51,35.19,48.15,57,50.00,65.15,1R/6/.11/4 7R/2/.20/5,5R/4/.06/2,2R/4/.11/2,,,,山口,山口,49,14:57,マスターズリーグ第６戦 俺の生きる道杯,予選,３日目
平和島,04,20260930,9R,2,3909,A1,佐々木　康幸,0,0,0.12,6.78,53.45,69.83,5.57,36.67,46.67,19,31.08,51.35,71,37.68,55.07,6R/5/.08/2 12R/3/.14/3,5R/1/.04/1 10R/4/.13/1,4R/6/.18/2,,,,静岡,静岡,53,14:57,マスターズリーグ第６戦 俺の生きる道杯,予選,３日目
平和島,04,20260930,9R,3,3527,B1,中嶋　誠一郎,1,0,0.17,5.08,29.73,51.35,0.00,0.00,0.00,74,41.67,58.33,69,38.33,48.33,5R/6/.18/4,4R/4/.17/4 9R/1/.18/6,,,,,長崎,長崎,55,14:57,マスターズリーグ第６戦 俺の生きる道杯,予選,３日目
平和島,04,20260930,9R,4,3505,A2,山田　　竜一,0,0,0.14,5.20,35.51,45.79,5.35,28.57,53.57,27,35.38,44.62,17,40.58,53.62,8R/1/.05/1,3R/4/.01/1 10R/3/.13/3,,,,,東京,東京,55,14:57,マスターズリーグ第６戦 俺の生きる道杯,予選,３日目
平和島,04,20260930,9R,5,3430,B1,角浜　　　修,0,0,0.17,4.33,23.58,38.68,4.78,33.33,44.44,75,25.00,35.29,59,23.08,33.85,6R/3/.18/1,3R/2/.05/4 12R/4/.20/5,3R/6/.20/6,,,,広島,広島,58,14:57,マスターズリーグ第６戦 俺の生きる道杯,予選,３日目
平和島,04,20260930,9R,6,3686,A2,鳥居塚　孝博,1,0,0.15,6.07,36.73,59.18,6.48,52.17,69.57,18,34.92,52.38,52,42.25,57.75,7R/4/.15/3,2R/2/.16/1 12R/5/.23/6,,,,,群馬,群馬,51,14:57,マスターズリーグ第６戦 俺の生きる道杯,予選,３日目
平和島,04,20260930,10R,1,3679,A2,飯島　　昌弘,0,0,0.17,6.67,48.87,72.18,6.50,43.42,68.42,32,32.00,45.33,16,33.33,52.38,4R/4/.14/3 11R/5/.10/1,10R/2/.23/2,1R/3/.16/3,,,,埼玉,埼玉,53,15:30,マスターズリーグ第６戦 俺の生きる道杯,予選特賞,３日目
平和島,04,20260930,10R,2,3952,A1,中澤　　和志,0,0,0.14,6.57,45.65,63.04,6.68,48.94,68.09,22,14.49,27.54,45,36.62,50.70,5R/1/.19/3 12R/4/.14/2,3R/6/.18/2 11R/4/.09/1,3R/5/.12/1,,,,埼玉,岩手,50,15:30,マスターズリーグ第６戦 俺の生きる道杯,予選特賞,３日目
平和島,04,20260930,10R,3,3978,A2,齊藤　　　仁,1,0,0.16,6.09,30.97,63.72,7.14,52.29,69.72,11,35.00,51.67,62,34.18,60.76,1R/5/.16/1 9R/2/.19/2,8R/1/.20/2,2R/5/.18/3,,,,東京,東京,49,15:30,マスターズリーグ第６戦 俺の生きる道杯,予選特賞,３日目
平和島,04,20260930,10R,4,3489,A2,大場　　　敏,1,0,0.16,5.93,43.24,56.76,6.08,34.62,57.69,45,21.21,36.36,68,43.08,56.92,9R/1/.11/1,4R/6/.15/1 11R/3/.11/4,,,,,静岡,静岡,59,15:30,マスターズリーグ第６戦 俺の生きる道杯,予選特賞,３日目
平和島,04,20260930,10R,5,3619,B1,長谷川　　充,0,0,0.19,5.11,29.29,50.51,4.81,25.00,37.50,47,23.68,38.16,18,28.13,46.88,4R/2/.13/2 9R/4/.14/3,9R/6/.15/5,,,,,群馬,群馬,52,15:30,マスターズリーグ第６戦 俺の生きる道杯,予選特賞,３日目
平和島,04,20260930,10R,6,3998,B1,冨成　　謙児,0,0,0.17,4.35,25.93,36.11,3.88,23.53,29.41,39,19.40,35.82,74,29.85,59.70,2R/2/.10/5 8R/5/.17/5,7R/1/.07/1,5R/4/.22/3,,,,佐賀,佐賀,47,15:30,マスターズリーグ第６戦 俺の生きる道杯,予選特賞,３日目
平和島,04,20260930,11R,1,3422,A2,服部　　幸男,0,0,0.14,5.80,39.06,53.91,6.10,42.86,57.14,70,14.49,24.64,10,38.16,52.63,3R/4/.18/3 10R/4/.11/6,9R/3/.14/1,6R/5/.17/4,,,,静岡,静岡,55,16:03,マスターズリーグ第６戦 俺の生きる道杯,予選特選,３日目
平和島,04,20260930,11R,2,3863,B1,海老澤　泰行,0,0,0.17,4.44,21.62,36.04,3.95,23.33,31.67,44,16.92,32.31,44,28.99,44.93,3R/5/.22/4 8R/6/.14/6,4R/1/.17/2,2R/3/.10/1,,,,東京,東京,52,16:03,マスターズリーグ第６戦 俺の生きる道杯,予選特選,３日目
平和島,04,20260930,11R,3,3944,A1,山口　　裕二,1,0,0.17,5.84,39.77,59.09,5.96,46.15,61.54,68,44.07,64.41,70,39.39,57.58,2R/5/.15/2 11R/1/.26/4,8R/4/.17/1,1R/6/.23/5,,,,長崎,佐賀,47,16:03,マスターズリーグ第６戦 俺の生きる道杯,予選特選,３日目
平和島,04,20260930,11R,4,3988,A2,古川　　誠之,0,0,0.15,6.13,38.46,65.03,4.86,28.57,45.71,67,15.71,32.86,65,27.42,40.32,7R/5/.15/6 11R/2/.26/3,11R/1/.09/2,,,,,愛知,愛知,48,16:03,マスターズリーグ第６戦 俺の生きる道杯,予選特選,３日目
平和島,04,20260930,11R,5,3256,A1,三角　　哲男,0,0,0.15,6.81,54.26,72.87,6.77,45.78,73.49,38,43.33,53.33,48,27.08,43.75,7R/3/.16/1 12R/1/.26/4,6R/6/.13/4,,,,,東京,千葉,59,16:03,マスターズリーグ第６戦 俺の生きる道杯,予選特選,３日目
平和島,04,20260930,11R,6,4131,B1,原　　　豊土,0,0,0.17,5.62,37.61,55.96,5.11,35.71,46.43,53,31.82,51.52,54,36.99,53.42,5R/5/.20/2 11R/4/.13/2,6R/1/.13/1,3R/3/.09/2,,,,静岡,愛知,46,16:03,マスターズリーグ第６戦 俺の生きる道杯,予選特選,３日目
平和島,04,20260930,12R,1,3997,A1,北村　　征嗣,0,0,0.16,6.12,40.56,62.94,7.85,59.26,92.59,66,33.33,50.67,63,36.76,51.47,3R/2/.11/1 12R/5/.13/5,7R/6/.11/2,6R/2/.17/1,,,,大阪,大阪,47,16:38,マスターズリーグ第６戦 俺の生きる道杯,記者選抜,３日目
平和島,04,20260930,12R,2,3158,A2,島川　　光男,0,0,0.15,6.40,46.09,64.06,6.40,55.00,70.00,63,30.77,43.59,11,26.76,45.07,2R/3/.07/1 10R/1/.11/4,10R/5/.19/4,3R/4/.10/5,,,,広島,広島,61,16:38,マスターズリーグ第６戦 俺の生きる道杯,記者選抜,３日目
平和島,04,20260930,12R,3,3713,A1,伊藤　　誠二,1,0,0.15,4.93,33.33,45.05,6.24,36.00,64.00,57,22.73,51.52,72,33.87,59.68,10R/6/.16/3,1R/4/.10/1 11R/6/.13/5,2R/2/.11/6,,,,愛知,愛知,52,16:38,マスターズリーグ第６戦 俺の生きる道杯,記者選抜,３日目
平和島,04,20260930,12R,4,3826,A2,村田　　修次,0,0,0.15,6.30,47.20,68.00,6.18,41.82,54.55,34,35.38,61.54,13,41.82,49.09,11R/3/.20/6,9R/2/.08/3,7R/5/.15/4,,,,東京,東京,53,16:38,マスターズリーグ第６戦 俺の生きる道杯,記者選抜,３日目
平和島,04,20260930,12R,5,3880,B1,浅見　　宗孝,1,0,0.19,4.25,16.85,39.33,4.61,14.63,51.22,35,31.43,45.71,56,32.76,44.83,2R/4/.14/4 7R/1/.18/2,4R/2/.17/3,5R/3/.32/4,,,,埼玉,埼玉,53,16:38,マスターズリーグ第６戦 俺の生きる道杯,記者選抜,３日目
平和島,04,20260930,12R,6,4076,B1,杉田　　篤光,0,0,0.21,4.85,26.72,45.80,5.42,29.17,50.00,59,25.00,42.19,49,24.29,41.43,1R/1/.26/2 8R/3/.13/4,6R/5/.19/3,4R/4/.05/1,,,,静岡,静岡,48,16:38,マスターズリーグ第６戦 俺の生きる道杯,記者選抜,３日目
多摩川,05,20260930,1R,1,3072,B1,西田　　　靖,0,0,0.17,3.94,21.21,33.33,4.59,29.31,41.38,11,35.34,53.45,35,33.02,53.77,1R/1/.13/5 8R/2/.17/2,9R/2/.09/5,2R/2/.07/5 11R/1/.15/2,8R/2/.14/4,2R/2/.17/2,,東京,神奈川,64,11:07,第３７回日本モーターボート選手会会長賞,一般,最終日
多摩川,05,20260930,1R,2,5313,B1,鈴木　　唯央,1,0,0.16,4.25,15.63,39.06,3.20,10.00,10.00,25,26.04,40.63,80,32.04,43.69,3R/6/.17/6,2R/3/.14/5 6R/2/.24/6,2R/5/.15/6 7R/4/.15/5,2R/1/.28/6,5R/6/.15/6,,群馬,群馬,26,11:07,第３７回日本モーターボート選手会会長賞,一般,最終日
多摩川,05,20260930,1R,3,3075,B1,中村　　裕将,0,0,0.13,5.10,35.56,44.44,4.52,24.24,36.36,15,19.05,35.71,48,34.65,48.51,2R/1/.21/1 7R/5/.08/6,11R/4/.16/5,7R/2/.21/6,3R/6/.08/5 9R/3/.13/4,4R/5/.19/5,,埼玉,埼玉,64,11:07,第３７回日本モーターボート選手会会長賞,一般,最終日
多摩川,05,20260930,1R,4,4251,B1,川崎　　誠志,0,0,0.21,4.71,25.74,42.57,3.94,12.50,31.25,21,32.32,47.47,64,40.22,53.26,2R/2/.26/4 11R/6/.20/6,10R/3/.17/2,1R/5/.23/3,4R/1/.22/3 12R/5/.23/5,2R/4/.31/5 6R/1/.08/1,,山口,山口,43,11:07,第３７回日本モーターボート選手会会長賞,一般,最終日
多摩川,05,20260930,1R,5,4332,B1,村上　　彰一,1,0,0.19,4.19,17.50,33.75,0.00,0.00,0.00,52,36.36,53.54,58,22.22,39.51,2R/4/.28/3 9R/2/.21/6,3R/1/.35/6,6R/6/.33/6,5R/3/.05/1 9R/5/.24/5,6R/5/.25/5,,福岡,福岡,43,11:07,第３７回日本モーターボート選手会会長賞,一般,最終日
多摩川,05,20260930,1R,6,4383,A2,竹田　　吉行,1,0,0.17,5.17,33.01,50.49,5.89,33.33,61.11,47,28.57,44.90,49,33.33,53.15,2R/5/.26/6 8R/3/.18/5,6R/6/.09/2,8R/1/.03/1 12R/4/.24/4,3R/2/.18/4 11R/4/.24/5,8R/1/.12/1,,徳島,徳島,41,11:07,第３７回日本モーターボート選手会会長賞,一般,最終日
多摩川,05,20260930,2R,1,5292,B1,佐藤　　右京,0,0,0.23,4.50,26.73,43.56,2.56,5.56,11.11,59,25.84,38.20,81,26.96,42.61,3R/3/.09/3 11R/4/.21/3,5R/5/.11/3,1R/1/.26/5 8R/2/.04/6,5R/6/.19/6,5R/4/.16/4,,東京,宮城,24,11:33,第３７回日本モーターボート選手会会長賞,一般,最終日
多摩川,05,20260930,2R,2,4025,A1,山本　　隆幸,0,0,0.18,6.71,53.23,67.74,5.88,37.50,62.50,44,29.67,46.15,54,30.84,48.60,5R/3/.22/1 12R/2/.18/4,4R/6/.19/5,6R/5/.26/2 10R/1/.14/1,1R/3/.11/2 9R/4/.19/2,3R/1/.18/1 10R/6/.06/6,,兵庫,兵庫,48,11:33,第３７回日本モーターボート選手会会長賞,一般,最終日
多摩川,05,20260930,2R,3,3589,B1,西村　　　勝,1,0,0.16,4.51,29.63,43.21,4.21,23.68,42.11,30,30.11,48.39,75,36.36,53.64,9R/5/.15/5,1R/3/.11/3 9R/5/.11/3,8R/6/.32/5,5R/1/.11/2 10R/2/.18/5,7R/2/.21/6,,埼玉,埼玉,53,11:33,第３７回日本モーターボート選手会会長賞,一般,最終日
多摩川,05,20260930,2R,4,3653,B2,品川　　賢次,1,0,0.20,4.20,13.51,35.14,4.21,12.50,45.83,67,42.39,50.00,37,33.64,51.82,5R/4/.19/5,1R/2/.21/5 11R/3/.21/3,3R/1/.19/3,1R/6/.12/6 7R/5/.13/4,8R/6/.17/6,,群馬,群馬,53,11:33,第３７回日本モーターボート選手会会長賞,一般,最終日
多摩川,05,20260930,2R,5,5049,A2,松井　　友汰,1,0,0.19,6.34,47.06,66.18,5.90,35.00,65.00,62,33.63,51.33,52,42.99,59.81,6R/5/.11/2,3R/3/.17/3 12R/6/.21/3,4R/4/.14/6 9R/1/.06/1,6R/2/.11/1,5R/3/.11/2 12R/4/.16/4,,大阪,大阪,31,11:33,第３７回日本モーターボート選手会会長賞,一般,最終日
多摩川,05,20260930,2R,6,3202,B1,三品　　隆浩,0,0,0.20,4.62,29.03,41.94,4.39,18.52,33.33,24,21.11,35.56,22,31.40,51.16,6R/2/.21/5,1R/1/.19/2 6R/5/.15/4,5R/4/.23/3 9R/6/.19/5,11R/3/.27/6,7R/3/.17/4,,東京,東京,61,11:33,第３７回日本モーターボート選手会会長賞,一般,最終日
多摩川,05,20260930,3R,1,3860,B1,松本　　浩貴,0,0,0.20,3.59,13.64,26.14,3.39,12.20,21.95,48,20.24,41.67,46,30.63,43.24,1R/5/.13/3 6R/1/.17/1,10R/4/.17/5,3R/2/.14/1 11R/4/.18/4,6R/6/.14/5,5R/2/.14/3 11R/6/.19/6,,埼玉,埼玉,53,12:04,第３７回日本モーターボート選手会会長賞,一般,最終日
多摩川,05,20260930,3R,2,3385,A2,渡邉　　睦広,0,0,0.16,5.40,35.96,52.63,5.32,28.00,60.00,16,22.12,33.65,21,31.48,44.44,7R/1/.11/1,7R/3/.20/5,3R/6/.13/6,4R/5/.17/4 9R/2/.19/3,8R/5/.13/4,,東京,神奈川,57,12:04,第３７回日本モーターボート選手会会長賞,一般,最終日
多摩川,05,20260930,3R,3,4864,B1,小川　日紀太,1,0,0.17,4.43,21.98,36.26,0.00,0.00,0.00,74,29.31,49.14,63,20.41,30.61,6R/6/.14/3,4R/5/.18/4 9R/4/.11/2,1R/2/.19/4 5R/1/.28/5,7R/4/.11/5,1R/3/.08/4,,福岡,宮崎,37,12:04,第３７回日本モーターボート選手会会長賞,一般,最終日
多摩川,05,20260930,3R,4,4435,A2,服部　　達哉,0,0,0.18,5.40,34.26,52.78,5.93,41.82,56.36,51,33.90,55.08,74,29.41,50.00,8R/1/.17/1,3R/4/.17/2 11R/2/.17/4,4R/3/.11/3 12R/6/.17/3,11R/5/.19/2,2R/5/.16/3 10R/3/.07/3,,愛知,愛知,40,12:04,第３７回日本モーターボート選手会会長賞,一般,最終日
多摩川,05,20260930,3R,5,4379,A2,桑島　　和宏,0,0,0.16,5.93,34.15,60.98,5.65,39.68,55.56,33,25.47,41.51,42,33.65,52.88,2R/3/.21/5 10R/1/.11/2,2R/4/.17/4,1R/6/.22/6 10R/2/.16/4,7R/1/.11/1,1R/6/.10/3 9R/2/.09/2,,東京,千葉,42,12:04,第３７回日本モーターボート選手会会長賞,一般,最終日
多摩川,05,20260930,3R,6,3662,B1,大庭　　元明,0,0,0.16,5.07,35.24,46.67,0.00,0.00,0.00,23,34.04,55.32,41,23.08,34.07,5R/1/.19/2,4R/4/.15/3 12R/5/.15/5,8R/3/.09/3,1R/2/.11/3 11R/6/.17/4,2R/1/.28/1 6R/4/.16/6,,福岡,福岡,56,12:04,第３７回日本モーターボート選手会会長賞,一般,最終日
多摩川,05,20260930,4R,1,5327,B2,西田　　和加,1,0,0.19,1.90,1.64,4.92,1.00,0.00,0.00,38,21.59,31.82,60,35.14,50.45,5R/6/.23/6,2R/5/.26/6 7R/2/.17/4,4R/1/.14/4,4R/6/.19/5 8R/6/.09/6,1R/2/.12/6,,埼玉,埼玉,22,12:31,第３７回日本モーターボート選手会会長賞,一般,最終日
多摩川,05,20260930,4R,2,4224,B1,大橋　栄里佳,1,0,0.20,4.72,24.21,42.11,6.22,44.44,66.67,54,47.27,60.00,85,45.87,61.47,4R/3/.19/4,6R/1/.24/1 11R/5/.21/6,4R/2/.15/2 10R/4/.11/6,10R/6/.21/6,4R/2/.21/3 9R/4/.17/5,,福岡,福岡,44,12:31,第３７回日本モーターボート選手会会長賞,一般,最終日
多摩川,05,20260930,4R,3,3518,B1,倉田　　郁美,0,0,0.19,4.13,17.05,36.36,4.83,25.71,45.71,71,34.82,50.89,84,24.49,41.84,4R/5/.11/5,4R/1/.21/6 8R/2/.12/4,4R/6/.14/5,2R/6/.24/5 6R/5/.14/6,1R/1/.09/1 8R/2/.14/5,,静岡,愛知,58,12:31,第３７回日本モーターボート選手会会長賞,一般,最終日
多摩川,05,20260930,4R,4,5079,B1,大石　　真央,1,0,0.17,5.00,29.03,50.54,4.37,21.05,36.84,73,27.88,42.31,34,20.65,40.22,1R/2/.22/4 10R/6/.15/6,6R/3/.19/3,6R/4/.19/3,1R/5/.11/4 6R/1/.09/4,8R/3/.05/3,,静岡,静岡,28,12:31,第３７回日本モーターボート選手会会長賞,一般,最終日
多摩川,05,20260930,4R,5,3302,B1,谷川　　里江,0,0,0.18,5.30,38.03,53.52,4.69,31.25,31.25,53,33.02,50.94,68,33.02,51.89,4R/2/.17/6,1R/6/.18/4 7R/4/.18/3,3R/5/.16/5,3R/1/.16/3 7R/3/.23/3,9R/3/.09/3,,愛知,愛知,59,12:31,第３７回日本モーターボート選手会会長賞,一般,最終日
多摩川,05,20260930,4R,6,4447,B1,深川　麻奈美,0,0,0.19,5.88,38.97,58.09,0.00,0.00,0.00,41,33.70,54.35,79,36.94,51.35,4R/6/.11/3 8R/5/.06/3,5R/1/.13/1,2R/4/.09/2 12R/2/.22/2,4R/4/.17/2,3R/5/.13/4 11R/2/.23/3,,福岡,熊本,39,12:31,第３７回日本モーターボート選手会会長賞,一般,最終日
多摩川,05,20260930,5R,1,4113,B1,木村　　浩士,0,0,0.18,4.52,22.94,38.53,4.57,23.81,38.10,60,26.53,41.84,65,20.00,29.33,1R/3/.19/6 7R/2/.15/4,5R/6/.11/6,2R/1/.10/3 9R/4/.11/3,3R/5/.17/2,3R/3/.16/5 8R/4/.11/2,,群馬,群馬,46,13:05,第３７回日本モーターボート選手会会長賞,一般,最終日
多摩川,05,20260930,5R,2,4003,B1,表　　　憲一,0,0,0.18,5.64,35.11,58.51,5.07,29.63,51.85,65,33.94,47.71,53,43.75,72.32,3R/1/.15/5 8R/4/.09/4,7R/5/.13/2,1R/3/.22/2 6R/2/.22/4,12R/6/.17/6,2R/3/.18/4 7R/5/.04/5,,福井,石川,48,13:05,第３７回日本モーターボート選手会会長賞,一般,最終日
多摩川,05,20260930,5R,3,4061,A1,萩原　　秀人,0,0,0.14,7.55,58.87,72.58,6.47,36.84,57.89,40,28.71,46.53,36,37.25,54.90,2R/6/.22/2 12R/3/.13/6,12R/1/.13/2,3R/4/.12/4 9R/2/.08/4,5R/5/.08/3 11R/1/.15/1,6R/2/.07/2 12R/5/.14/5,,福井,福井,47,13:05,第３７回日本モーターボート選手会会長賞,一般,最終日
多摩川,05,20260930,5R,4,3075,B1,中村　　裕将,0,0,0.13,5.10,35.56,44.44,4.52,24.24,36.36,15,19.05,35.71,48,34.65,48.51,2R/1/.21/1 7R/5/.08/6,11R/4/.16/5,7R/2/.21/6,3R/6/.08/5 9R/3/.13/4,4R/5/.19/5,1R/3/.16/1,埼玉,埼玉,64,13:05,第３７回日本モーターボート選手会会長賞,一般,最終日
多摩川,05,20260930,5R,5,3349,A1,吉田　　一郎,0,0,0.17,5.88,39.33,58.43,0.00,0.00,0.00,66,34.26,50.93,51,32.38,45.71,1R/4/.08/1 9R/3/.12/1,4R/2/.15/2 10R/1/.17/1,5R/6/.19/4,3R/3/.08/1 10R/5/.18/4,5R/5/.09/5 10R/2/.13/4,,長崎,長崎,58,13:05,第３７回日本モーターボート選手会会長賞,一般,最終日
多摩川,05,20260930,5R,6,4709,A2,岡村　　将也,1,0,0.15,5.42,31.37,54.90,0.00,0.00,0.00,26,27.27,46.46,44,25.00,46.59,10R/2/.17/3,1R/5/.12/1 10R/6/.15/6,9R/3/.08/6,1R/4/.11/5 8R/1/.08/1,1R/5/.09/2 9R/1/.09/1,,福岡,福岡,37,13:05,第３７回日本モーターボート選手会会長賞,一般,最終日
多摩川,05,20260930,6R,1,3653,B2,品川　　賢次,1,0,0.20,4.20,13.51,35.14,4.21,12.50,45.83,67,42.39,50.00,37,33.64,51.82,5R/4/.19/5,1R/2/.21/5 11R/3/.21/3,3R/1/.19/3,1R/6/.12/6 7R/5/.13/4,8R/6/.17/6,2R/6/.11/6,群馬,群馬,53,13:33,第３７回日本モーターボート選手会会長賞,一般,最終日
多摩川,05,20260930,6R,2,4190,B2,長嶋　　万記,1,0,0.16,6.56,43.43,70.71,6.83,44.44,55.56,29,25.77,44.33,43,33.33,56.86,4R/1/.18/1 9R/4/.18/3,2R/6/.25/3 12R/2/.21/1,5R/5/.18/2 10R/3/.09/5,5R/2/.13/5,3R/2/.19/3 10R/5/.04/5,,静岡,静岡,45,13:33,第３７回日本モーターボート選手会会長賞,一般,最終日
多摩川,05,20260930,6R,3,4225,A2,土屋　　千明,1,0,0.15,6.15,42.35,61.18,0.00,0.00,0.00,13,28.16,44.66,39,25.00,58.33,4R/4/.19/2 11R/5/.19/5,9R/1/.05/1,3R/3/.12/2 10R/6/.04/3,8R/4/.06/5 12R/2/.15/2,6R/3/.09/4 11R/5/.18/5,,群馬,群馬,44,13:33,第３７回日本モーターボート選手会会長賞,一般,最終日
多摩川,05,20260930,6R,4,3885,A2,久田　　　武,0,0,0.17,5.04,30.56,48.15,5.73,38.64,59.09,64,36.54,50.00,61,38.39,53.57,5R/5/.23/3 11R/2/.21/2,8R/1/.14/2,7R/6/.07/4 12R/3/.15/6,3R/4/.12/6,2R/6/.24/6 7R/1/.17/3,,愛知,愛知,52,13:33,第３７回日本モーターボート選手会会長賞,一般,最終日
多摩川,05,20260930,6R,5,5292,B1,佐藤　　右京,0,0,0.23,4.50,26.73,43.56,2.56,5.56,11.11,59,25.84,38.20,81,26.96,42.61,3R/3/.09/3 11R/4/.21/3,5R/5/.11/3,1R/1/.26/5 8R/2/.04/6,5R/6/.19/6,5R/4/.16/4,2R/1/.22/5,東京,宮城,24,13:33,第３７回日本モーターボート選手会会長賞,一般,最終日
多摩川,05,20260930,6R,6,4513,A2,河野　　真也,0,0,0.20,6.09,43.65,65.08,4.73,18.18,45.45,32,50.44,69.91,29,44.23,62.50,1R/6/.11/2 11R/3/.24/4,7R/1/.15/1,1R/4/.19/1 11R/6/.11/5,2R/2/.18/2 10R/4/.11/2,7R/4/.09/1 12R/3/.12/3,,福岡,宮崎,37,13:33,第３７回日本モーターボート選手会会長賞,一般,最終日
多摩川,05,20260930,7R,1,4931,A1,木谷　　賢太,0,0,0.15,6.75,51.49,71.64,6.20,30.00,70.00,56,31.86,44.25,38,28.24,49.41,6R/3/.12/6 11R/1/.17/1,8R/4/.21/1,2R/6/.14/4 10R/5/.05/2,4R/2/.18/6 10R/3/.11/3,4R/1/.16/1 12R/6/.16/6,,香川,香川,30,13:59,第３７回日本モーターボート選手会会長賞,一般,最終日
多摩川,05,20260930,7R,2,4332,B1,村上　　彰一,1,0,0.19,4.19,17.50,33.75,0.00,0.00,0.00,52,36.36,53.54,58,22.22,39.51,2R/4/.28/3 9R/2/.21/6,3R/1/.35/6,6R/6/.33/6,5R/3/.05/1 9R/5/.24/5,6R/5/.25/5,1R/5/.21/4,福岡,福岡,43,13:59,第３７回日本モーターボート選手会会長賞,一般,最終日
多摩川,05,20260930,7R,3,5376,B1,吉田　　一心,0,0,0.17,5.59,40.17,54.70,0.00,0.00,0.00,69,29.63,41.98,23,27.68,41.07,7R/6/.12/5,3R/5/.13/4 8R/3/.13/6,6R/1/.15/1 11R/5/.07/6,8R/3/.06/2,3R/4/.12/6 9R/5/.12/4,,大阪,大阪,22,13:59,第３７回日本モーターボート選手会会長賞,一般,最終日
多摩川,05,20260930,7R,4,4015,A2,前野　　竜一,1,0,0.16,5.72,33.07,61.42,6.59,52.94,70.59,57,48.15,71.30,40,30.91,48.18,3R/5/.15/2 9R/6/.21/2,5R/4/.09/2 12R/3/.23/4,7R/1/.15/1 11R/3/.14/3,12R/3/.15/3,4R/4/.22/4 11R/4/.22/4,,山口,山口,46,13:59,第３７回日本モーターボート選手会会長賞,一般,最終日
多摩川,05,20260930,7R,5,4864,B1,小川　日紀太,1,0,0.17,4.43,21.98,36.26,0.00,0.00,0.00,74,29.31,49.14,63,20.41,30.61,6R/6/.14/3,4R/5/.18/4 9R/4/.11/2,1R/2/.19/4 5R/1/.28/5,7R/4/.11/5,1R/3/.08/4,3R/3/.13/4,福岡,宮崎,37,13:59,第３７回日本モーターボート選手会会長賞,一般,最終日
多摩川,05,20260930,7R,6,5411,B2,木下　虎之輔,0,0,0.19,2.49,7.25,15.94,1.76,0.00,6.06,68,35.51,51.40,45,37.27,58.18,8R/6/.05/6,1R/4/.09/6 8R/5/.13/5,7R/5/.11/2,2R/5/.12/3 9R/6/.12/6,1R/4/.15/5,,東京,神奈川,21,13:59,第３７回日本モーターボート選手会会長賞,一般,最終日
多摩川,05,20260930,8R,1,5048,B1,眞鳥　　康太,0,0,0.21,4.48,26.58,41.77,7.10,50.00,90.00,34,29.70,45.54,67,31.37,45.10,10R/3/.13/4,3R/6/.29/5 7R/6/.17/6,5R/2/.36/6,1R/1/.09/1 5R/4/.09/4,9R/6/.26/6,,長崎,長崎,32,14:31,第３７回日本モーターボート選手会会長賞,一般,最終日
多摩川,05,20260930,8R,2,3302,B1,谷川　　里江,0,0,0.18,5.30,38.03,53.52,4.69,31.25,31.25,53,33.02,50.94,68,33.02,51.89,4R/2/.17/6,1R/6/.18/4 7R/4/.18/3,3R/5/.16/5,3R/1/.16/3 7R/3/.23/3,9R/3/.09/3,4R/5/.19/3,愛知,愛知,59,14:31,第３７回日本モーターボート選手会会長賞,一般,最終日
多摩川,05,20260930,8R,3,5079,B1,大石　　真央,1,0,0.17,5.00,29.03,50.54,4.37,21.05,36.84,73,27.88,42.31,34,20.65,40.22,1R/2/.22/4 10R/6/.15/6,6R/3/.19/3,6R/4/.19/3,1R/5/.11/4 6R/1/.09/4,8R/3/.05/3,4R/4/.12/1,静岡,静岡,28,14:31,第３７回日本モーターボート選手会会長賞,一般,最終日
多摩川,05,20260930,8R,4,3385,A2,渡邉　　睦広,0,0,0.16,5.40,35.96,52.63,5.32,28.00,60.00,16,22.12,33.65,21,31.48,44.44,7R/1/.11/1,7R/3/.20/5,3R/6/.13/6,4R/5/.17/4 9R/2/.19/3,8R/5/.13/4,3R/2/.14/1,東京,神奈川,57,14:31,第３７回日本モーターボート選手会会長賞,一般,最終日
多摩川,05,20260930,8R,5,3589,B1,西村　　　勝,1,0,0.16,4.51,29.63,43.21,4.21,23.68,42.11,30,30.11,48.39,75,36.36,53.64,9R/5/.15/5,1R/3/.11/3 9R/5/.11/3,8R/6/.32/5,5R/1/.11/2 10R/2/.18/5,7R/2/.21/6,2R/3/.17/2,埼玉,埼玉,53,14:31,第３７回日本モーターボート選手会会長賞,一般,最終日
多摩川,05,20260930,8R,6,3072,B1,西田　　　靖,0,0,0.17,3.94,21.21,33.33,4.59,29.31,41.38,11,35.34,53.45,35,33.02,53.77,1R/1/.13/5 8R/2/.17/2,9R/2/.09/5,2R/2/.07/5 11R/1/.15/2,8R/2/.14/4,2R/2/.17/2,1R/1/.12/3,東京,神奈川,64,14:31,第３７回日本モーターボート選手会会長賞,一般,最終日
多摩川,05,20260930,9R,1,4709,A2,岡村　　将也,1,0,0.15,5.42,31.37,54.90,0.00,0.00,0.00,26,27.27,46.46,44,25.00,46.59,10R/2/.17/3,1R/5/.12/1 10R/6/.15/6,9R/3/.08/6,1R/4/.11/5 8R/1/.08/1,1R/5/.09/2 9R/1/.09/1,5R/6/.15/5,福岡,福岡,37,15:03,第３７回日本モーターボート選手会会長賞,静波まつり選抜,最終日
多摩川,05,20260930,9R,2,4379,A2,桑島　　和宏,0,0,0.16,5.93,34.15,60.98,5.65,39.68,55.56,33,25.47,41.51,42,33.65,52.88,2R/3/.21/5 10R/1/.11/2,2R/4/.17/4,1R/6/.22/6 10R/2/.16/4,7R/1/.11/1,1R/6/.10/3 9R/2/.09/2,3R/5/.15/5,東京,千葉,42,15:03,第３７回日本モーターボート選手会会長賞,静波まつり選抜,最終日
多摩川,05,20260930,9R,3,3662,B1,大庭　　元明,0,0,0.16,5.07,35.24,46.67,0.00,0.00,0.00,23,34.04,55.32,41,23.08,34.07,5R/1/.19/2,4R/4/.15/3 12R/5/.15/5,8R/3/.09/3,1R/2/.11/3 11R/6/.17/4,2R/1/.28/1 6R/4/.16/6,3R/6/.11/6,福岡,福岡,56,15:03,第３７回日本モーターボート選手会会長賞,静波まつり選抜,最終日
多摩川,05,20260930,9R,4,4383,A2,竹田　　吉行,1,0,0.17,5.17,33.01,50.49,5.89,33.33,61.11,47,28.57,44.90,49,33.33,53.15,2R/5/.26/6 8R/3/.18/5,6R/6/.09/2,8R/1/.03/1 12R/4/.24/4,3R/2/.18/4 11R/4/.24/5,8R/1/.12/1,1R/6/.21/2,徳島,徳島,41,15:03,第３７回日本モーターボート選手会会長賞,静波まつり選抜,最終日
多摩川,05,20260930,9R,5,4251,B1,川崎　　誠志,0,0,0.21,4.71,25.74,42.57,3.94,12.50,31.25,21,32.32,47.47,64,40.22,53.26,2R/2/.26/4 11R/6/.20/6,10R/3/.17/2,1R/5/.23/3,4R/1/.22/3 12R/5/.23/5,2R/4/.31/5 6R/1/.08/1,1R/4/.22/5,山口,山口,43,15:03,第３７回日本モーターボート選手会会長賞,静波まつり選抜,最終日
多摩川,05,20260930,9R,6,4113,B1,木村　　浩士,0,0,0.18,4.52,22.94,38.53,4.57,23.81,38.10,60,26.53,41.84,65,20.00,29.33,1R/3/.19/6 7R/2/.15/4,5R/6/.11/6,2R/1/.10/3 9R/4/.11/3,3R/5/.17/2,3R/3/.16/5 8R/4/.11/2,5R/1/.15/3,群馬,群馬,46,15:03,第３７回日本モーターボート選手会会長賞,静波まつり選抜,最終日
多摩川,05,20260930,10R,1,4513,A2,河野　　真也,0,0,0.20,6.09,43.65,65.08,4.73,18.18,45.45,32,50.44,69.91,29,44.23,62.50,1R/6/.11/2 11R/3/.24/4,7R/1/.15/1,1R/4/.19/1 11R/6/.11/5,2R/2/.18/2 10R/4/.11/2,7R/4/.09/1 12R/3/.12/3,6R/6/.14/3,福岡,宮崎,37,15:38,第３７回日本モーターボート選手会会長賞,選抜戦,最終日
多摩川,05,20260930,10R,2,3349,A1,吉田　　一郎,0,0,0.17,5.88,39.33,58.43,0.00,0.00,0.00,66,34.26,50.93,51,32.38,45.71,1R/4/.08/1 9R/3/.12/1,4R/2/.15/2 10R/1/.17/1,5R/6/.19/4,3R/3/.08/1 10R/5/.18/4,5R/5/.09/5 10R/2/.13/4,5R/5/.06/6,長崎,長崎,58,15:38,第３７回日本モーターボート選手会会長賞,選抜戦,最終日
多摩川,05,20260930,10R,3,5049,A2,松井　　友汰,1,0,0.19,6.34,47.06,66.18,5.90,35.00,65.00,62,33.63,51.33,52,42.99,59.81,6R/5/.11/2,3R/3/.17/3 12R/6/.21/3,4R/4/.14/6 9R/1/.06/1,6R/2/.11/1,5R/3/.11/2 12R/4/.16/4,2R/4/.12/3,大阪,大阪,31,15:38,第３７回日本モーターボート選手会会長賞,選抜戦,最終日
多摩川,05,20260930,10R,4,4061,A1,萩原　　秀人,0,0,0.14,7.55,58.87,72.58,6.47,36.84,57.89,40,28.71,46.53,36,37.25,54.90,2R/6/.22/2 12R/3/.13/6,12R/1/.13/2,3R/4/.12/4 9R/2/.08/4,5R/5/.08/3 11R/1/.15/1,6R/2/.07/2 12R/5/.14/5,5R/3/.12/1,福井,福井,47,15:38,第３７回日本モーターボート選手会会長賞,選抜戦,最終日
多摩川,05,20260930,10R,5,4025,A1,山本　　隆幸,0,0,0.18,6.71,53.23,67.74,5.88,37.50,62.50,44,29.67,46.15,54,30.84,48.60,5R/3/.22/1 12R/2/.18/4,4R/6/.19/5,6R/5/.26/2 10R/1/.14/1,1R/3/.11/2 9R/4/.19/2,3R/1/.18/1 10R/6/.06/6,2R/2/.18/1,兵庫,兵庫,48,15:38,第３７回日本モーターボート選手会会長賞,選抜戦,最終日
多摩川,05,20260930,10R,6,3860,B1,松本　　浩貴,0,0,0.20,3.59,13.64,26.14,3.39,12.20,21.95,48,20.24,41.67,46,30.63,43.24,1R/5/.13/3 6R/1/.17/1,10R/4/.17/5,3R/2/.14/1 11R/4/.18/4,6R/6/.14/5,5R/2/.14/3 11R/6/.19/6,3R/1/.16/3,埼玉,埼玉,53,15:38,第３７回日本モーターボート選手会会長賞,選抜戦,最終日
多摩川,05,20260930,11R,1,4447,B1,深川　麻奈美,0,0,0.19,5.88,38.97,58.09,0.00,0.00,0.00,41,33.70,54.35,79,36.94,51.35,4R/6/.11/3 8R/5/.06/3,5R/1/.13/1,2R/4/.09/2 12R/2/.22/2,4R/4/.17/2,3R/5/.13/4 11R/2/.23/3,4R/6/.19/2,福岡,熊本,39,16:08,第３７回日本モーターボート選手会会長賞,選抜戦,最終日
多摩川,05,20260930,11R,2,4435,A2,服部　　達哉,0,0,0.18,5.40,34.26,52.78,5.93,41.82,56.36,51,33.90,55.08,74,29.41,50.00,8R/1/.17/1,3R/4/.17/2 11R/2/.17/4,4R/3/.11/3 12R/6/.17/3,11R/5/.19/2,2R/5/.16/3 10R/3/.07/3,3R/4/.09/2,愛知,愛知,40,16:08,第３７回日本モーターボート選手会会長賞,選抜戦,最終日
多摩川,05,20260930,11R,3,4015,A2,前野　　竜一,1,0,0.16,5.72,33.07,61.42,6.59,52.94,70.59,57,48.15,71.30,40,30.91,48.18,3R/5/.15/2 9R/6/.21/2,5R/4/.09/2 12R/3/.23/4,7R/1/.15/1 11R/3/.14/3,12R/3/.15/3,4R/4/.22/4 11R/4/.22/4,7R/4/.07/2,山口,山口,46,16:08,第３７回日本モーターボート選手会会長賞,選抜戦,最終日
多摩川,05,20260930,11R,4,4225,A2,土屋　　千明,1,0,0.15,6.15,42.35,61.18,0.00,0.00,0.00,13,28.16,44.66,39,25.00,58.33,4R/4/.19/2 11R/5/.19/5,9R/1/.05/1,3R/3/.12/2 10R/6/.04/3,8R/4/.06/5 12R/2/.15/2,6R/3/.09/4 11R/5/.18/5,6R/3/.13/1,群馬,群馬,44,16:08,第３７回日本モーターボート選手会会長賞,選抜戦,最終日
多摩川,05,20260930,11R,5,4190,B2,長嶋　　万記,1,0,0.16,6.56,43.43,70.71,6.83,44.44,55.56,29,25.77,44.33,43,33.33,56.86,4R/1/.18/1 9R/4/.18/3,2R/6/.25/3 12R/2/.21/1,5R/5/.18/2 10R/3/.09/5,5R/2/.13/5,3R/2/.19/3 10R/5/.04/5,6R/2/.23/4,静岡,静岡,45,16:08,第３７回日本モーターボート選手会会長賞,選抜戦,最終日
多摩川,05,20260930,11R,6,4931,A1,木谷　　賢太,0,0,0.15,6.75,51.49,71.64,6.20,30.00,70.00,56,31.86,44.25,38,28.24,49.41,6R/3/.12/6 11R/1/.17/1,8R/4/.21/1,2R/6/.14/4 10R/5/.05/2,4R/2/.18/6 10R/3/.11/3,4R/1/.16/1 12R/6/.16/6,7R/1/.08/1,香川,香川,30,16:08,第３７回日本モーターボート選手会会長賞,選抜戦,最終日
多摩川,05,20260930,12R,1,4144,A2,石塚　　久也,0,0,0.18,6.24,45.71,63.81,6.43,51.06,74.47,61,36.36,55.45,25,33.02,53.77,3R/2/.11/1 10R/5/.13/1,4R/3/.17/1 11R/6/.13/2,8R/4/.21/2,6R/4/.14/2 10R/1/.15/1,6R/6/.17/3 11R/1/.23/1,,埼玉,埼玉,45,16:46,第３７回日本モーターボート選手会会長賞,優勝戦,最終日
多摩川,05,20260930,12R,2,4288,A1,永田　　啓二,0,0,0.12,7.54,64.23,78.05,0.00,0.00,0.00,19,35.00,49.00,50,36.28,51.33,12R/4/.08/5,2R/2/.13/1 8R/6/.16/3,4R/5/.11/1 11R/2/.16/1,4R/3/.12/1 11R/2/.21/3,4R/6/.28/6 10R/1/.02/1,,福岡,福岡,41,16:46,第３７回日本モーターボート選手会会長賞,優勝戦,最終日
多摩川,05,20260930,12R,3,4932,A1,新開　　　航,0,0,0.15,7.52,54.10,69.67,6.89,22.22,55.56,58,32.99,49.48,32,33.04,44.64,7R/4/.11/2 12R/1/.19/1,9R/6/.13/4,2R/3/.08/1 8R/5/.21/4,6R/3/.12/3 12R/1/.14/1,3R/6/.11/2 12R/2/.09/1,,福岡,福岡,30,16:46,第３７回日本モーターボート選手会会長賞,優勝戦,最終日
多摩川,05,20260930,12R,4,4737,A1,竹井　　貴史,1,0,0.16,6.85,54.70,73.50,8.30,80.00,90.00,35,19.75,34.57,57,24.42,33.72,3R/4/.14/4 12R/6/.11/3,3R/2/.25/1 10R/5/.15/3,5R/3/.21/1 12R/1/.24/1,9R/1/.22/1,7R/6/.02/2 12R/1/.15/2,,福岡,福岡,35,16:46,第３７回日本モーターボート選手会会長賞,優勝戦,最終日
多摩川,05,20260930,12R,5,5199,B1,垂水　　　悠,0,0,0.11,4.63,28.87,41.24,3.13,12.50,25.00,31,37.50,50.00,28,25.53,38.30,7R/3/.11/3,2R/1/.09/2 10R/2/.15/4,9R/5/.07/2,2R/4/.08/1 8R/5/.06/3,4R/3/.18/2 10R/4/.02/2,,徳島,徳島,24,16:46,第３７回日本モーターボート選手会会長賞,優勝戦,最終日
多摩川,05,20260930,12R,6,4446,A1,和田　　兼輔,1,0,0.13,6.81,47.32,69.64,6.15,40.00,75.00,22,22.55,41.18,76,40.00,53.00,6R/4/.14/4 12R/5/.11/2,5R/2/.12/4 11R/1/.17/1,7R/3/.16/3,7R/2/.14/2 12R/4/.19/4,5R/1/.11/1 11R/3/.23/2,,兵庫,兵庫,39,16:46,第３７回日本モーターボート選手会会長賞,優勝戦,最終日
浜名湖,06,20260930,1R,1,3156,B1,金子　　良昭,1,0,0.17,4.00,21.51,33.33,4.88,33.06,42.98,48,41.46,56.91,63,35.53,54.39,,,,,,,静岡,静岡,61,11:20,中日スポーツシルバーカップ,予選,初日
浜名湖,06,20260930,1R,2,5169,B2,堀本　　翔太,0,0,0.19,3.77,12.12,25.76,3.56,12.50,25.00,6,32.46,51.75,71,35.86,53.59,,,,,,,愛知,愛知,25,11:20,中日スポーツシルバーカップ,予選,初日
浜名湖,06,20260930,1R,3,4473,B1,藤堂　　里香,1,0,0.18,5.58,36.36,60.23,5.89,42.11,57.89,35,25.64,43.59,14,34.53,53.36,,,,,,,福井,福井,39,11:20,中日スポーツシルバーカップ,予選,初日
浜名湖,06,20260930,1R,4,3471,B1,赤峰　　和也,0,0,0.17,4.12,17.78,36.67,0.00,0.00,0.00,20,42.37,62.71,65,33.61,53.28,,,,,,,佐賀,佐賀,56,11:20,中日スポーツシルバーカップ,予選,初日
浜名湖,06,20260930,1R,5,5347,B2,井澤　　聖奈,0,0,0.21,1.76,1.32,3.95,1.37,0.00,0.00,27,16.44,32.88,58,38.68,55.14,,,,,,,愛知,長野,23,11:20,中日スポーツシルバーカップ,予選,初日
浜名湖,06,20260930,1R,6,5269,A2,山口　　晃朋,0,0,0.16,6.45,51.24,62.81,5.24,35.47,47.67,21,26.32,40.79,35,35.32,49.79,,,,,,,静岡,静岡,25,11:20,中日スポーツシルバーカップ,予選,初日
浜名湖,06,20260930,2R,1,4892,B1,柴田　　直哉,0,0,0.19,5.19,33.33,50.43,4.94,32.26,48.39,19,34.43,50.00,43,31.65,50.00,,,,,,,福岡,福岡,36,11:49,中日スポーツシルバーカップ,予選,初日
浜名湖,06,20260930,2R,2,4790,A1,柳内　　敬太,1,0,0.15,6.23,40.87,69.57,6.97,50.00,70.00,53,32.11,43.12,29,34.44,49.79,,,,,,,兵庫,兵庫,37,11:49,中日スポーツシルバーカップ,予選,初日
浜名湖,06,20260930,2R,3,3975,A2,小野寺　智洋,0,0,0.14,5.36,33.60,51.20,5.48,36.36,51.52,17,40.83,58.33,12,39.66,53.88,,,,,,,香川,香川,49,11:49,中日スポーツシルバーカップ,予選,初日
浜名湖,06,20260930,2R,4,5140,B1,吉田　　彩乃,0,0,0.18,4.84,28.07,43.86,4.33,21.88,32.81,7,33.86,47.24,33,33.47,53.56,,,,,,,静岡,静岡,26,11:49,中日スポーツシルバーカップ,予選,初日
浜名湖,06,20260930,2R,5,4179,A2,広次　　　修,0,0,0.15,5.24,27.91,55.81,5.50,38.89,50.00,59,34.21,54.39,68,35.68,56.39,,,,,,,山口,山口,43,11:49,中日スポーツシルバーカップ,予選,初日
浜名湖,06,20260930,2R,6,3362,B1,間嶋　　仁志,0,0,0.19,5.09,34.26,46.30,5.25,37.50,50.00,52,35.65,54.78,19,33.77,50.44,,,,,,,三重,大阪,57,11:49,中日スポーツシルバーカップ,予選,初日
浜名湖,06,20260930,3R,1,5173,B1,谷口　　佳蓮,1,0,0.15,5.07,34.34,46.46,6.89,55.56,77.78,22,41.38,62.07,44,40.54,54.50,,,,,,,香川,愛媛,24,12:18,中日スポーツシルバーカップ,予選,初日
浜名湖,06,20260930,3R,2,4403,A2,木下　　大將,1,0,0.15,6.36,46.51,65.12,5.38,25.00,62.50,57,27.72,43.56,30,38.89,53.42,,,,,,,福岡,福岡,41,12:18,中日スポーツシルバーカップ,予選,初日
浜名湖,06,20260930,3R,3,4635,A2,峰重　　力也,0,0,0.13,5.40,36.05,52.33,4.40,24.00,32.00,64,21.25,41.25,67,37.44,51.98,,,,,,,岡山,岡山,36,12:18,中日スポーツシルバーカップ,予選,初日
浜名湖,06,20260930,3R,4,5270,B1,小玉　　啓太,1,0,0.15,4.24,20.69,37.93,0.00,0.00,0.00,47,21.59,38.64,32,39.32,59.83,,,,,,,佐賀,佐賀,25,12:18,中日スポーツシルバーカップ,予選,初日
浜名湖,06,20260930,3R,5,5323,B2,香川　　陽太,0,0,0.18,4.54,24.00,42.00,4.50,27.78,41.67,44,37.93,54.31,59,31.09,45.38,,,,,,,滋賀,京都,23,12:18,中日スポーツシルバーカップ,予選,初日
浜名湖,06,20260930,3R,6,4084,A1,杉山　　正樹,0,0,0.16,6.44,41.55,63.38,7.45,70.97,74.19,1,40.48,58.73,18,33.19,49.79,,,,,,,愛知,愛知,47,12:18,中日スポーツシルバーカップ,予選,初日
浜名湖,06,20260930,4R,1,3641,A1,一瀬　　　明,0,0,0.17,6.05,42.75,61.59,5.76,44.74,55.26,62,41.90,52.38,72,33.05,50.00,,,,,,,東京,神奈川,55,12:47,中日スポーツシルバーカップ,ランチタイム戦,初日
浜名湖,06,20260930,4R,2,4491,B1,田中　　　堅,0,0,0.20,4.36,24.55,40.91,4.74,15.79,52.63,23,35.59,54.24,37,34.33,52.79,,,,,,,群馬,群馬,39,12:47,中日スポーツシルバーカップ,ランチタイム戦,初日
浜名湖,06,20260930,4R,3,4951,B1,新田　　洋一,1,0,0.14,4.92,25.51,47.96,6.00,44.44,55.56,25,22.35,41.18,53,34.16,52.26,,,,,,,広島,広島,33,12:47,中日スポーツシルバーカップ,ランチタイム戦,初日
浜名湖,06,20260930,4R,4,5316,B1,村松　　将平,1,0,0.15,5.26,33.33,51.72,3.74,11.76,34.31,39,20.69,31.03,62,38.06,53.85,,,,,,,静岡,静岡,25,12:47,中日スポーツシルバーカップ,ランチタイム戦,初日
浜名湖,06,20260930,4R,5,4660,B1,宇田川　信一,0,0,0.19,4.15,22.39,35.82,4.28,16.67,38.89,63,41.44,57.66,61,36.92,53.74,,,,,,,東京,神奈川,35,12:47,中日スポーツシルバーカップ,ランチタイム戦,初日
浜名湖,06,20260930,4R,6,3828,B1,明石　　正之,1,0,0.16,5.01,24.71,47.06,4.36,20.45,36.36,41,29.03,45.16,70,31.70,52.23,,,,,,,兵庫,兵庫,53,12:47,中日スポーツシルバーカップ,ランチタイム戦,初日
浜名湖,06,20260930,5R,1,3448,B1,高山　　秀雄,0,0,0.19,4.22,20.00,35.56,6.36,54.55,72.73,26,39.23,58.46,69,34.03,51.26,,,,,,,群馬,群馬,56,13:18,中日スポーツシルバーカップ,予選,初日
浜名湖,06,20260930,5R,2,3813,A1,佐藤　　大介,0,0,0.16,6.51,44.92,68.64,7.00,41.67,83.33,33,22.83,38.04,15,33.89,50.21,,,,,,,愛知,愛知,50,13:18,中日スポーツシルバーカップ,予選,初日
浜名湖,06,20260930,5R,3,4120,A2,柘植　　政浩,0,0,0.16,6.06,43.66,64.08,5.70,45.45,63.64,12,20.48,45.78,64,31.17,48.48,,,,,,,滋賀,滋賀,45,13:18,中日スポーツシルバーカップ,予選,初日
浜名湖,06,20260930,5R,4,4940,B2,白石　　有美,0,0,0.18,4.43,21.54,44.62,0.00,0.00,0.00,31,26.26,38.38,22,37.18,51.71,,,,,,,東京,東京,28,13:18,中日スポーツシルバーカップ,予選,初日
浜名湖,06,20260930,5R,5,3837,A2,秋山　　広一,0,0,0.17,6.32,45.11,64.66,5.59,40.91,54.55,60,16.18,35.29,50,35.71,52.52,,,,,,,香川,香川,51,13:18,中日スポーツシルバーカップ,予選,初日
浜名湖,06,20260930,5R,6,3562,A2,山下　　和彦,0,0,0.18,6.31,46.76,67.63,7.14,57.14,80.95,61,42.40,63.20,56,35.17,49.58,,,,,,,広島,広島,57,13:18,中日スポーツシルバーカップ,予選,初日
浜名湖,06,20260930,6R,1,4458,B1,抹香　　雄三,0,0,0.15,5.55,30.58,58.68,4.28,21.88,40.63,43,16.67,32.05,57,33.48,46.35,,,,,,,広島,広島,40,13:49,中日スポーツシルバーカップ,予選,初日
浜名湖,06,20260930,6R,2,4069,A2,山本　　修一,2,0,0.18,5.77,39.17,55.00,6.64,50.00,71.43,28,27.08,39.58,66,34.35,53.48,,,,,,,岡山,岡山,46,13:49,中日スポーツシルバーカップ,予選,初日
浜名湖,06,20260930,6R,3,3965,A1,北中　　元樹,1,0,0.17,5.92,42.42,56.82,6.17,44.44,72.22,16,31.58,49.12,25,35.06,51.95,,,,,,,滋賀,滋賀,47,13:49,中日スポーツシルバーカップ,予選,初日
浜名湖,06,20260930,6R,4,4892,B1,柴田　　直哉,0,0,0.19,5.19,33.33,50.43,4.94,32.26,48.39,19,34.43,50.00,43,31.65,50.00,2R/1/.29/2,,,,,,福岡,福岡,36,13:49,中日スポーツシルバーカップ,予選,初日
浜名湖,06,20260930,6R,5,5169,B2,堀本　　翔太,0,0,0.19,3.77,12.12,25.76,3.56,12.50,25.00,6,32.46,51.75,71,35.86,53.59,1R/2/.39/4,,,,,,愛知,愛知,25,13:49,中日スポーツシルバーカップ,予選,初日
浜名湖,06,20260930,6R,6,3623,A1,深川　　真二,1,0,0.14,7.28,61.68,77.57,7.35,62.75,70.59,15,32.00,50.00,48,37.45,51.91,,,,,,,佐賀,佐賀,52,13:49,中日スポーツシルバーカップ,予選,初日
浜名湖,06,20260930,7R,1,5205,A2,刑部　亜里紗,1,0,0.18,6.07,38.10,60.00,5.81,40.31,55.04,36,29.59,40.82,13,31.74,49.13,,,,,,,静岡,静岡,29,14:18,中日スポーツシルバーカップ,予選,初日
浜名湖,06,20260930,7R,2,4627,A2,藤原　　菜希,0,0,0.15,6.38,46.15,65.38,5.56,22.22,44.44,46,44.55,56.36,34,37.50,54.31,,,,,,,東京,大阪,40,14:18,中日スポーツシルバーカップ,予選,初日
浜名湖,06,20260930,7R,3,5140,B1,吉田　　彩乃,0,0,0.18,4.84,28.07,43.86,4.33,21.88,32.81,7,33.86,47.24,33,33.47,53.56,2R/5/.24/6,,,,,,静岡,静岡,26,14:18,中日スポーツシルバーカップ,予選,初日
浜名湖,06,20260930,7R,4,4473,B1,藤堂　　里香,1,0,0.18,5.58,36.36,60.23,5.89,42.11,57.89,35,25.64,43.59,14,34.53,53.36,1R/3/.31/3,,,,,,福井,福井,39,14:18,中日スポーツシルバーカップ,予選,初日
浜名湖,06,20260930,7R,5,5173,B1,谷口　　佳蓮,1,0,0.15,5.07,34.34,46.46,6.89,55.56,77.78,22,41.38,62.07,44,40.54,54.50,3R/1/.05/1,,,,,,香川,愛媛,24,14:18,中日スポーツシルバーカップ,予選,初日
浜名湖,06,20260930,7R,6,4289,A2,落合　　直子,1,0,0.13,5.75,38.24,58.82,7.03,53.85,74.36,55,50.43,64.35,60,33.05,47.70,,,,,,,大阪,大阪,41,14:18,中日スポーツシルバーカップ,予選,初日
浜名湖,06,20260930,8R,1,4179,A2,広次　　　修,0,0,0.15,5.24,27.91,55.81,5.50,38.89,50.00,59,34.21,54.39,68,35.68,56.39,2R/6/.22/5,,,,,,山口,山口,43,14:45,中日スポーツシルバーカップ,ブレイクタイム,初日
浜名湖,06,20260930,8R,2,4660,B1,宇田川　信一,0,0,0.19,4.15,22.39,35.82,4.28,16.67,38.89,63,41.44,57.66,61,36.92,53.74,4R/5/.14/3,,,,,,東京,神奈川,35,14:45,中日スポーツシルバーカップ,ブレイクタイム,初日
浜名湖,06,20260930,8R,3,3411,B1,池上　　隆行,2,0,0.16,3.58,7.79,27.27,4.69,25.00,43.75,13,40.16,64.57,17,35.44,54.85,,,,,,,広島,広島,57,14:45,中日スポーツシルバーカップ,ブレイクタイム,初日
浜名湖,06,20260930,8R,4,4494,A1,河合　　佑樹,1,0,0.15,6.79,45.92,59.18,7.48,60.95,77.14,32,34.92,52.38,21,39.42,54.77,,,,,,,静岡,静岡,39,14:45,中日スポーツシルバーカップ,ブレイクタイム,初日
浜名湖,06,20260930,8R,5,4081,B1,樋口　　範政,0,0,0.19,5.54,34.71,53.72,4.32,28.57,35.71,38,45.59,60.29,76,37.45,51.91,,,,,,,愛知,愛知,47,14:45,中日スポーツシルバーカップ,ブレイクタイム,初日
浜名湖,06,20260930,8R,6,5270,B1,小玉　　啓太,1,0,0.15,4.24,20.69,37.93,0.00,0.00,0.00,47,21.59,38.64,32,39.32,59.83,3R/5/.19/5,,,,,,佐賀,佐賀,25,14:45,中日スポーツシルバーカップ,ブレイクタイム,初日
浜名湖,06,20260930,9R,1,4118,A2,宇佐見　　淳,0,0,0.15,6.00,40.91,65.15,4.86,25.00,50.00,58,32.08,52.83,24,36.36,52.07,,,,,,,愛知,愛知,45,15:14,中日スポーツシルバーカップ,予選特賞,初日
浜名湖,06,20260930,9R,2,5383,B1,中村　　　楓,0,0,0.17,2.56,3.30,10.99,1.38,0.00,0.00,30,27.84,42.27,46,32.64,49.17,,,,,,,三重,三重,21,15:14,中日スポーツシルバーカップ,予選特賞,初日
浜名湖,06,20260930,9R,3,4940,B2,白石　　有美,0,0,0.18,4.43,21.54,44.62,0.00,0.00,0.00,31,26.26,38.38,22,37.18,51.71,5R/4/.21/6,,,,,,東京,東京,28,15:14,中日スポーツシルバーカップ,予選特賞,初日
浜名湖,06,20260930,9R,4,5269,A2,山口　　晃朋,0,0,0.16,6.45,51.24,62.81,5.24,35.47,47.67,21,26.32,40.79,35,35.32,49.79,1R/6/.23/5,,,,,,静岡,静岡,25,15:14,中日スポーツシルバーカップ,予選特賞,初日
浜名湖,06,20260930,9R,5,4951,B1,新田　　洋一,1,0,0.14,4.92,25.51,47.96,6.00,44.44,55.56,25,22.35,41.18,53,34.16,52.26,4R/3/.11/5,,,,,,広島,広島,33,15:14,中日スポーツシルバーカップ,予選特賞,初日
浜名湖,06,20260930,9R,6,4403,A2,木下　　大將,1,0,0.15,6.36,46.51,65.12,5.38,25.00,62.50,57,27.72,43.56,30,38.89,53.42,3R/2/.11/2,,,,,,福岡,福岡,41,15:14,中日スポーツシルバーカップ,予選特賞,初日
浜名湖,06,20260930,10R,1,4363,A2,大野　　芳顕,0,0,0.17,5.59,37.01,58.27,6.57,42.86,71.43,50,21.25,36.25,23,33.88,51.43,,,,,,,福岡,福岡,41,15:47,中日スポーツシルバーカップ,予選特賞,初日
浜名湖,06,20260930,10R,2,3837,A2,秋山　　広一,0,0,0.17,6.32,45.11,64.66,5.59,40.91,54.55,60,16.18,35.29,50,35.71,52.52,5R/5/.18/4,,,,,,香川,香川,51,15:47,中日スポーツシルバーカップ,予選特賞,初日
浜名湖,06,20260930,10R,3,3362,B1,間嶋　　仁志,0,0,0.19,5.09,34.26,46.30,5.25,37.50,50.00,52,35.65,54.78,19,33.77,50.44,2R/2/.32/3,,,,,,三重,大阪,57,15:47,中日スポーツシルバーカップ,予選特賞,初日
浜名湖,06,20260930,10R,4,4635,A2,峰重　　力也,0,0,0.13,5.40,36.05,52.33,4.40,24.00,32.00,64,21.25,41.25,67,37.44,51.98,3R/3/.18/6,,,,,,岡山,岡山,36,15:47,中日スポーツシルバーカップ,予選特賞,初日
浜名湖,06,20260930,10R,5,3156,B1,金子　　良昭,1,0,0.17,4.00,21.51,33.33,4.88,33.06,42.98,48,41.46,56.91,63,35.53,54.39,1R/1/.25/1,,,,,,静岡,静岡,61,15:47,中日スポーツシルバーカップ,予選特賞,初日
浜名湖,06,20260930,10R,6,3965,A1,北中　　元樹,1,0,0.17,5.92,42.42,56.82,6.17,44.44,72.22,16,31.58,49.12,25,35.06,51.95,6R/4/.25/4,,,,,,滋賀,滋賀,47,15:47,中日スポーツシルバーカップ,予選特賞,初日
浜名湖,06,20260930,11R,1,4058,A1,野末　　智一,0,0,0.19,5.97,40.97,61.11,6.06,40.91,70.00,65,25.56,41.11,45,43.22,55.08,,,,,,,静岡,静岡,47,16:14,中日スポーツシルバーカップ,予選特選,初日
浜名湖,06,20260930,11R,2,4289,A2,落合　　直子,1,0,0.13,5.75,38.24,58.82,7.03,53.85,74.36,55,50.43,64.35,60,33.05,47.70,7R/6/.25/4,,,,,,大阪,大阪,41,16:14,中日スポーツシルバーカップ,予選特選,初日
浜名湖,06,20260930,11R,3,3562,A2,山下　　和彦,0,0,0.18,6.31,46.76,67.63,7.14,57.14,80.95,61,42.40,63.20,56,35.17,49.58,5R/6/.17/3,,,,,,広島,広島,57,16:14,中日スポーツシルバーカップ,予選特選,初日
浜名湖,06,20260930,11R,4,3828,B1,明石　　正之,1,0,0.16,5.01,24.71,47.06,4.36,20.45,36.36,41,29.03,45.16,70,31.70,52.23,4R/6/.12/6,,,,,,兵庫,兵庫,53,16:14,中日スポーツシルバーカップ,予選特選,初日
浜名湖,06,20260930,11R,5,3975,A2,小野寺　智洋,0,0,0.14,5.36,33.60,51.20,5.48,36.36,51.52,17,40.83,58.33,12,39.66,53.88,2R/4/.18/1,,,,,,香川,香川,49,16:14,中日スポーツシルバーカップ,予選特選,初日
浜名湖,06,20260930,11R,6,4069,A2,山本　　修一,2,0,0.18,5.77,39.17,55.00,6.64,50.00,71.43,28,27.08,39.58,66,34.35,53.48,6R/3/.21/6,,,,,,岡山,岡山,46,16:14,中日スポーツシルバーカップ,予選特選,初日
浜名湖,06,20260930,12R,1,4494,A1,河合　　佑樹,1,0,0.15,6.79,45.92,59.18,7.48,60.95,77.14,32,34.92,52.38,21,39.42,54.77,,,,,,,静岡,静岡,39,16:44,中日スポーツシルバーカップ,ドリーム戦,初日
浜名湖,06,20260930,12R,2,3623,A1,深川　　真二,1,0,0.14,7.28,61.68,77.57,7.35,62.75,70.59,15,32.00,50.00,48,37.45,51.91,6R/2/.22/1,,,,,,佐賀,佐賀,52,16:44,中日スポーツシルバーカップ,ドリーム戦,初日
浜名湖,06,20260930,12R,3,4084,A1,杉山　　正樹,0,0,0.16,6.44,41.55,63.38,7.45,70.97,74.19,1,40.48,58.73,18,33.19,49.79,3R/4/.16/3,,,,,,愛知,愛知,47,16:44,中日スポーツシルバーカップ,ドリーム戦,初日
浜名湖,06,20260930,12R,4,3641,A1,一瀬　　　明,0,0,0.17,6.05,42.75,61.59,5.76,44.74,55.26,62,41.90,52.38,72,33.05,50.00,4R/1/.16/1,,,,,,東京,神奈川,55,16:44,中日スポーツシルバーカップ,ドリーム戦,初日
浜名湖,06,20260930,12R,5,4790,A1,柳内　　敬太,1,0,0.15,6.23,40.87,69.57,6.97,50.00,70.00,53,32.11,43.12,29,34.44,49.79,2R/3/.30/4,,,,,,兵庫,兵庫,37,16:44,中日スポーツシルバーカップ,ドリーム戦,初日
浜名湖,06,20260930,12R,6,3813,A1,佐藤　　大介,0,0,0.16,6.51,44.92,68.64,7.00,41.67,83.33,33,22.83,38.04,15,33.89,50.21,5R/2/.16/1,,,,,,愛知,愛知,50,16:44,中日スポーツシルバーカップ,ドリーム戦,初日
蒲郡,07,20260930,1R,1,4521,B1,小池　　公生,1,0,0.21,5.28,28.70,53.70,5.33,22.22,66.67,12,25.00,50.00,52,32.35,52.94,6R/5/.18/4,,,,,,福岡,福岡,39,15:25,「いい風吹け」キリンビール晴れ風賞,予選,２日目
蒲郡,07,20260930,1R,2,4273,B1,佐藤　　　旭,0,0,0.19,4.96,30.19,48.11,4.68,21.43,46.43,30,54.29,74.29,23,41.38,62.07,3R/4/.22/4 9R/6/.12/6,,,,,,静岡,静岡,44,15:25,「いい風吹け」キリンビール晴れ風賞,予選,２日目
蒲郡,07,20260930,1R,3,3441,B1,土屋　　太朗,0,0,0.18,4.83,25.69,44.95,4.29,17.65,47.06,72,29.63,40.74,11,37.04,62.96,1R/5/.20/6,,,,,,群馬,群馬,57,15:25,「いい風吹け」キリンビール晴れ風賞,予選,２日目
蒲郡,07,20260930,1R,4,4036,A1,金田　　　諭,0,0,0.16,6.28,43.09,67.48,6.04,42.86,64.29,45,33.33,48.15,49,35.71,42.86,10R/3/.22/3,,,,,,埼玉,埼玉,47,15:25,「いい風吹け」キリンビール晴れ風賞,予選,２日目
蒲郡,07,20260930,1R,5,4626,B1,伊藤　　紘章,0,0,0.22,3.93,20.93,36.05,4.96,34.69,48.98,34,41.38,62.07,26,53.33,63.33,2R/4/.16/6,,,,,,愛知,愛知,40,15:25,「いい風吹け」キリンビール晴れ風賞,予選,２日目
蒲郡,07,20260930,1R,6,4674,B1,池田　　剛規,0,0,0.15,5.37,30.00,53.64,5.38,38.10,57.14,19,25.00,44.44,45,33.33,55.56,4R/2/.12/6,,,,,,福岡,福岡,39,15:25,「いい風吹け」キリンビール晴れ風賞,予選,２日目
蒲郡,07,20260930,2R,1,4245,B1,高橋　　直哉,0,0,0.19,4.68,26.04,40.63,4.26,17.65,41.18,33,53.85,64.10,53,45.71,60.00,6R/4/.16/3,,,,,,東京,秋田,44,15:51,「いい風吹け」キリンビール晴れ風賞,予選,２日目
蒲郡,07,20260930,2R,2,4486,A2,野村　　　誠,1,0,0.18,5.86,41.60,58.40,5.95,52.63,63.16,77,30.43,43.48,35,50.00,63.89,4R/5/.09/1 8R/1/.16/2,,,,,,群馬,群馬,40,15:51,「いい風吹け」キリンビール晴れ風賞,予選,２日目
蒲郡,07,20260930,2R,3,4102,A1,益田　　啓司,0,0,0.15,6.59,52.38,68.03,6.65,52.17,73.91,17,32.14,35.71,20,42.86,53.57,9R/1/.14/1,,,,,,福岡,大分,47,15:51,「いい風吹け」キリンビール晴れ風賞,予選,２日目
蒲郡,07,20260930,2R,4,3796,B1,長野　　道臣,0,0,0.17,4.23,23.81,35.24,5.23,30.77,46.15,31,67.57,75.68,62,27.59,58.62,1R/6/.16/5 7R/2/.11/4,,,,,,静岡,静岡,53,15:51,「いい風吹け」キリンビール晴れ風賞,予選,２日目
蒲郡,07,20260930,2R,5,5008,B1,羽野　　　諒,0,0,0.15,4.85,25.26,45.26,4.75,20.00,40.00,68,33.33,44.44,39,27.78,52.78,5R/1/.21/6,,,,,,福岡,福岡,29,15:51,「いい風吹け」キリンビール晴れ風賞,予選,２日目
蒲郡,07,20260930,2R,6,4979,B1,中野　　夢斗,0,0,0.17,5.04,31.53,45.95,4.16,26.32,35.09,59,51.85,59.26,12,46.15,61.54,7R/5/.15/5,,,,,,愛知,愛知,30,15:51,「いい風吹け」キリンビール晴れ風賞,予選,２日目
蒲郡,07,20260930,3R,1,4416,B1,三宅　　健太,0,0,0.17,5.42,38.00,50.00,6.78,55.56,66.67,43,53.57,64.29,76,37.04,51.85,1R/2/.24/1 9R/5/.04/5,,,,,,広島,広島,39,16:21,「いい風吹け」キリンビール晴れ風賞,予選,２日目
蒲郡,07,20260930,3R,2,4789,A2,古賀　　智之,0,0,0.16,5.53,36.04,54.95,5.19,37.04,55.56,56,32.43,45.95,19,32.14,46.43,8R/5/.14/5,,,,,,福岡,福岡,37,16:21,「いい風吹け」キリンビール晴れ風賞,予選,２日目
蒲郡,07,20260930,3R,3,4973,B1,栗原　　直也,1,0,0.17,5.14,33.33,50.00,4.86,32.14,39.29,49,48.28,62.07,55,61.11,80.56,3R/6/.25/6 8R/4/.09/6,,,,,,埼玉,埼玉,34,16:21,「いい風吹け」キリンビール晴れ風賞,予選,２日目
蒲郡,07,20260930,3R,4,3563,B1,堤　　　　昇,0,0,0.15,5.99,42.62,63.11,6.00,41.38,55.17,37,24.00,44.00,24,29.63,44.44,4R/1/.12/2,,,,,,静岡,静岡,56,16:21,「いい風吹け」キリンビール晴れ風賞,予選,２日目
蒲郡,07,20260930,3R,5,5000,B1,岡本　翔太郎,1,0,0.12,5.15,35.23,50.00,4.12,5.88,41.18,76,35.71,50.00,17,41.38,58.62,5R/5/.12/5,,,,,,山口,山口,32,16:21,「いい風吹け」キリンビール晴れ風賞,予選,２日目
蒲郡,07,20260930,3R,6,4512,A1,高野　　哲史,0,0,0.15,6.87,57.72,70.47,6.85,58.49,69.81,27,24.24,54.55,54,45.95,56.76,7R/3/.11/2 12R/5/.17/5,,,,,,兵庫,兵庫,37,16:21,「いい風吹け」キリンビール晴れ風賞,予選,２日目
蒲郡,07,20260930,4R,1,4060,B1,島田　　一生,0,0,0.16,4.62,29.00,44.00,4.62,34.62,34.62,47,33.33,44.44,34,34.29,42.86,1R/4/.18/2 8R/6/.06/1,,,,,,福岡,福岡,47,16:48,「いい風吹け」キリンビール晴れ風賞,予選,２日目
蒲郡,07,20260930,4R,2,4822,A2,百武　　　翔,0,0,0.17,6.37,51.69,66.95,0.00,0.00,0.00,20,30.77,50.00,14,46.43,67.86,7R/4/.16/3 11R/3/.23/5,,,,,,佐賀,佐賀,33,16:48,「いい風吹け」キリンビール晴れ風賞,予選,２日目
蒲郡,07,20260930,4R,3,4771,A1,下寺　　秀和,0,0,0.16,7.09,54.62,77.69,6.64,57.14,67.86,40,35.71,57.14,75,37.04,62.96,6R/2/.12/2 12R/6/.20/6,,,,,,広島,広島,33,16:48,「いい風吹け」キリンビール晴れ風賞,予選,２日目
蒲郡,07,20260930,4R,4,4652,B1,酒見　　峻介,0,0,0.17,4.87,24.18,45.05,5.56,38.89,52.78,23,26.47,50.00,71,48.00,68.00,5R/4/.12/1,,,,,,佐賀,兵庫,41,16:48,「いい風吹け」キリンビール晴れ風賞,予選,２日目
蒲郡,07,20260930,4R,5,4835,B1,橋本　　　明,0,0,0.15,4.90,25.42,45.76,4.43,14.29,42.86,14,60.71,71.43,77,42.31,61.54,2R/1/.10/2,,,,,,広島,広島,38,16:48,「いい風吹け」キリンビール晴れ風賞,予選,２日目
蒲郡,07,20260930,4R,6,4850,A2,野中　　一平,0,0,0.11,6.44,48.57,62.86,7.17,60.00,75.71,32,48.48,60.61,37,58.33,69.44,9R/2/.09/2,,,,,,愛知,岐阜,31,16:48,「いい風吹け」キリンビール晴れ風賞,予選,２日目
蒲郡,07,20260930,5R,1,4423,B1,坂口　　貴彦,0,0,0.17,5.68,38.74,59.46,3.80,15.00,35.00,36,29.63,59.26,13,35.29,50.00,2R/6/.15/4,,,,,,岡山,岡山,37,17:15,「いい風吹け」キリンビール晴れ風賞,予選,２日目
蒲郡,07,20260930,5R,2,4643,A2,近江　　翔吾,0,0,0.13,6.57,48.15,64.81,5.31,25.00,37.50,52,35.48,64.52,15,37.04,51.85,7R/1/.07/1,,,,,,香川,大阪,33,17:15,「いい風吹け」キリンビール晴れ風賞,予選,２日目
蒲郡,07,20260930,5R,3,4471,A1,新田　　泰章,0,0,0.15,6.41,47.92,63.89,7.50,59.38,78.13,64,34.29,57.14,67,30.77,65.38,10R/1/.29/1,,,,,,広島,広島,39,17:15,「いい風吹け」キリンビール晴れ風賞,予選,２日目
蒲郡,07,20260930,5R,4,3327,A2,野長瀬　正孝,1,0,0.16,6.01,40.00,65.22,6.18,38.46,64.10,25,51.52,60.61,63,44.00,68.00,5R/3/.18/4 11R/2/.22/4,,,,,,静岡,静岡,59,17:15,「いい風吹け」キリンビール晴れ風賞,予選,２日目
蒲郡,07,20260930,5R,5,5321,B1,一色　　颯輝,1,0,0.20,4.71,29.27,43.90,4.47,27.27,39.39,41,44.44,55.56,27,34.48,55.17,1R/1/.28/4 10R/2/.23/2,,,,,,愛知,愛知,24,17:15,「いい風吹け」キリンビール晴れ風賞,予選,２日目
蒲郡,07,20260930,5R,6,4692,B1,酒井　　俊弘,1,0,0.12,4.20,23.40,35.11,4.61,16.67,44.44,62,34.29,42.86,16,29.63,40.74,4R/3/.14/5 11R/5/.21/2,,,,,,福井,福井,42,17:15,「いい風吹け」キリンビール晴れ風賞,予選,２日目
蒲郡,07,20260930,6R,1,3708,B1,岡部　　貴司,0,0,0.16,5.30,33.00,51.00,4.80,30.00,50.00,73,30.77,46.15,59,44.83,62.07,4R/6/.18/4 9R/3/.09/4,,,,,,岡山,岡山,52,17:50,「いい風吹け」キリンビール晴れ風賞,予選,２日目
蒲郡,07,20260930,6R,2,4933,A2,板橋　　侑我,0,0,0.14,6.54,43.27,58.65,7.71,60.71,82.14,16,37.93,51.72,21,39.29,53.57,6R/1/.08/1,,,,,,静岡,静岡,30,17:50,「いい風吹け」キリンビール晴れ風賞,予選,２日目
蒲郡,07,20260930,6R,3,4863,B1,三浦　　裕貴,1,0,0.16,3.99,15.85,35.37,5.53,41.18,52.94,48,36.36,69.70,74,42.31,50.00,3R/5/.21/3 7R/6/.19/6,,,,,,東京,北海道,37,17:50,「いい風吹け」キリンビール晴れ風賞,予選,２日目
蒲郡,07,20260930,6R,4,3912,B1,川原　　正明,0,0,0.15,5.99,43.75,59.38,5.95,45.45,59.09,66,62.16,75.68,51,33.33,43.33,3R/1/.16/2,,,,,,福井,石川,52,17:50,「いい風吹け」キリンビール晴れ風賞,予選,２日目
蒲郡,07,20260930,6R,5,4877,A1,鈴谷　　一平,0,0,0.14,6.19,43.20,60.00,7.14,61.90,76.19,18,29.63,48.15,28,29.63,44.44,2R/2/.09/1 11R/1/.15/1,,,,,,兵庫,兵庫,32,17:50,「いい風吹け」キリンビール晴れ風賞,予選,２日目
蒲郡,07,20260930,6R,6,4535,A2,北山　　康介,1,0,0.16,7.03,53.40,76.70,0.00,0.00,0.00,28,24.24,42.42,25,50.00,73.33,2R/5/.16/5,,,,,,東京,神奈川,36,17:50,「いい風吹け」キリンビール晴れ風賞,予選,２日目
蒲郡,07,20260930,7R,1,4463,A2,三苫　　晃幸,0,0,0.15,6.22,42.72,67.96,5.50,31.82,54.55,24,39.39,48.48,66,68.97,75.86,9R/4/.08/3,,,,,,福岡,福岡,40,18:17,「いい風吹け」キリンビール晴れ風賞,予選,２日目
蒲郡,07,20260930,7R,2,3442,B1,宮武　　英司,0,0,0.16,4.27,22.00,39.00,3.00,0.00,20.00,57,26.47,35.29,18,29.63,40.74,2R/3/.14/3 10R/4/.19/6,,,,,,香川,香川,57,18:17,「いい風吹け」キリンビール晴れ風賞,予選,２日目
蒲郡,07,20260930,7R,3,4308,A1,河村　　　了,0,0,0.17,6.70,46.32,70.59,6.82,50.94,66.98,22,29.63,59.26,22,28.57,50.00,3R/2/.18/5 12R/4/.15/4,,,,,,愛知,愛知,42,18:17,「いい風吹け」キリンビール晴れ風賞,予選,２日目
蒲郡,07,20260930,7R,4,4593,A2,小坂　　宗司,0,0,0.17,5.95,37.90,65.32,5.87,40.00,66.67,35,44.44,59.26,72,32.14,46.43,6R/6/.12/6 11R/4/.29/6,,,,,,大阪,兵庫,45,18:17,「いい風吹け」キリンビール晴れ風賞,予選,２日目
蒲郡,07,20260930,7R,5,4674,B1,池田　　剛規,0,0,0.15,5.37,30.00,53.64,5.38,38.10,57.14,19,25.00,44.44,45,33.33,55.56,4R/2/.12/6,,,,,,福岡,福岡,39,18:17,「いい風吹け」キリンビール晴れ風賞,予選,２日目
蒲郡,07,20260930,7R,6,5000,B1,岡本　翔太郎,1,0,0.12,5.15,35.23,50.00,4.12,5.88,41.18,76,35.71,50.00,17,41.38,58.62,5R/5/.12/5,,,,,,山口,山口,32,18:17,「いい風吹け」キリンビール晴れ風賞,予選,２日目
蒲郡,07,20260930,8R,1,4789,A2,古賀　　智之,0,0,0.16,5.53,36.04,54.95,5.19,37.04,55.56,56,32.43,45.95,19,32.14,46.43,8R/5/.14/5,,,,,,福岡,福岡,37,18:45,「いい風吹け」キリンビール晴れ風賞,予選,２日目
蒲郡,07,20260930,8R,2,4979,B1,中野　　夢斗,0,0,0.17,5.04,31.53,45.95,4.16,26.32,35.09,59,51.85,59.26,12,46.15,61.54,7R/5/.15/5,,,,,,愛知,愛知,30,18:45,「いい風吹け」キリンビール晴れ風賞,予選,２日目
蒲郡,07,20260930,8R,3,3557,A1,太田　　和美,1,0,0.15,6.22,44.74,63.16,7.56,56.41,74.36,11,32.14,53.57,48,31.43,48.57,4R/4/.12/3 12R/2/.12/2,,,,,,大阪,奈良,53,18:45,「いい風吹け」キリンビール晴れ風賞,予選,２日目
蒲郡,07,20260930,8R,4,3441,B1,土屋　　太朗,0,0,0.18,4.83,25.69,44.95,4.29,17.65,47.06,72,29.63,40.74,11,37.04,62.96,1R/5/.20/6,,,,,,群馬,群馬,57,18:45,「いい風吹け」キリンビール晴れ風賞,予選,２日目
蒲郡,07,20260930,8R,5,5033,B1,藤原　　孝斗,0,0,0.18,4.27,24.39,34.15,3.93,13.33,26.67,60,52.78,58.33,60,29.63,33.33,6R/3/.12/5,,,,,,愛知,愛知,28,18:45,「いい風吹け」キリンビール晴れ風賞,予選,２日目
蒲郡,07,20260930,8R,6,4434,A2,田中　　辰彦,1,0,0.16,6.12,45.90,62.30,7.65,70.00,85.00,67,51.28,61.54,69,37.04,59.26,5R/2/.22/2 10R/5/.21/5,,,,,,広島,広島,40,18:45,「いい風吹け」キリンビール晴れ風賞,予選,２日目
蒲郡,07,20260930,9R,1,4413,A2,水摩　　　敦,0,0,0.18,5.98,36.84,63.16,6.57,38.10,76.19,53,44.83,72.41,61,30.43,56.52,3R/3/.15/1 10R/6/.20/4,,,,,,福岡,福岡,40,19:17,「いい風吹け」キリンビール晴れ風賞,予選特賞,２日目
蒲郡,07,20260930,9R,2,4278,A1,藤岡　　俊介,0,0,0.13,7.05,57.89,75.19,7.77,68.18,77.27,54,33.33,58.33,58,30.00,63.33,5R/6/.13/3 12R/3/.10/3,,,,,,兵庫,兵庫,43,19:17,「いい風吹け」キリンビール晴れ風賞,予選特賞,２日目
蒲郡,07,20260930,9R,3,4245,B1,高橋　　直哉,0,0,0.19,4.68,26.04,40.63,4.26,17.65,41.18,33,53.85,64.10,53,45.71,60.00,6R/4/.16/3,,,,,,東京,秋田,44,19:17,「いい風吹け」キリンビール晴れ風賞,予選特賞,２日目
蒲郡,07,20260930,9R,4,4811,B1,向井田　佑紀,0,0,0.16,4.92,28.33,47.50,4.33,22.22,44.44,70,26.92,42.31,31,32.43,56.76,8R/3/.12/4,,,,,,広島,広島,37,19:17,「いい風吹け」キリンビール晴れ風賞,予選特賞,２日目
蒲郡,07,20260930,9R,5,4423,B1,坂口　　貴彦,0,0,0.17,5.68,38.74,59.46,3.80,15.00,35.00,36,29.63,59.26,13,35.29,50.00,2R/6/.15/4,,,,,,岡山,岡山,37,19:17,「いい風吹け」キリンビール晴れ風賞,予選特賞,２日目
蒲郡,07,20260930,9R,6,4475,A1,末永　　祐輝,1,0,0.16,5.51,32.14,56.43,5.47,30.56,55.56,39,50.00,78.57,50,55.56,75.00,1R/3/.19/3 11R/6/.25/3,,,,,,山口,山口,39,19:17,「いい風吹け」キリンビール晴れ風賞,予選特賞,２日目
蒲郡,07,20260930,10R,1,4036,A1,金田　　　諭,0,0,0.16,6.28,43.09,67.48,6.04,42.86,64.29,45,33.33,48.15,49,35.71,42.86,10R/3/.22/3,,,,,,埼玉,埼玉,47,19:47,「いい風吹け」キリンビール晴れ風賞,予選特賞,２日目
蒲郡,07,20260930,10R,2,3563,B1,堤　　　　昇,0,0,0.15,5.99,42.62,63.11,6.00,41.38,55.17,37,24.00,44.00,24,29.63,44.44,4R/1/.12/2,,,,,,静岡,静岡,56,19:47,「いい風吹け」キリンビール晴れ風賞,予選特賞,２日目
蒲郡,07,20260930,10R,3,5008,B1,羽野　　　諒,0,0,0.15,4.85,25.26,45.26,4.75,20.00,40.00,68,33.33,44.44,39,27.78,52.78,5R/1/.21/6,,,,,,福岡,福岡,29,19:47,「いい風吹け」キリンビール晴れ風賞,予選特賞,２日目
蒲郡,07,20260930,10R,4,4418,A1,茅原　　悠紀,0,0,0.13,7.39,53.08,69.23,8.56,44.44,77.78,65,26.47,55.88,40,44.12,58.82,8R/2/.14/3 12R/1/.05/1,,,,,,岡山,岡山,39,19:47,「いい風吹け」キリンビール晴れ風賞,予選特賞,２日目
蒲郡,07,20260930,10R,5,4850,A2,野中　　一平,0,0,0.11,6.44,48.57,62.86,7.17,60.00,75.71,32,48.48,60.61,37,58.33,69.44,9R/2/.09/2,,,,,,愛知,岐阜,31,19:47,「いい風吹け」キリンビール晴れ風賞,予選特賞,２日目
蒲郡,07,20260930,10R,6,3912,B1,川原　　正明,0,0,0.15,5.99,43.75,59.38,5.95,45.45,59.09,66,62.16,75.68,51,33.33,43.33,3R/1/.16/2,,,,,,福井,石川,52,19:47,「いい風吹け」キリンビール晴れ風賞,予選特賞,２日目
蒲郡,07,20260930,11R,1,4308,A1,河村　　　了,0,0,0.17,6.70,46.32,70.59,6.82,50.94,66.98,22,29.63,59.26,22,28.57,50.00,3R/2/.18/5 12R/4/.15/4,,,,,,愛知,愛知,42,20:15,「いい風吹け」キリンビール晴れ風賞,予選特選,２日目
蒲郡,07,20260930,11R,2,4535,A2,北山　　康介,1,0,0.16,7.03,53.40,76.70,0.00,0.00,0.00,28,24.24,42.42,25,50.00,73.33,2R/5/.16/5,,,,,,東京,神奈川,36,20:15,「いい風吹け」キリンビール晴れ風賞,予選特選,２日目
蒲郡,07,20260930,11R,3,4643,A2,近江　　翔吾,0,0,0.13,6.57,48.15,64.81,5.31,25.00,37.50,52,35.48,64.52,15,37.04,51.85,7R/1/.07/1,,,,,,香川,大阪,33,20:15,「いい風吹け」キリンビール晴れ風賞,予選特選,２日目
蒲郡,07,20260930,11R,4,4521,B1,小池　　公生,1,0,0.21,5.28,28.70,53.70,5.33,22.22,66.67,12,25.00,50.00,52,32.35,52.94,6R/5/.18/4,,,,,,福岡,福岡,39,20:15,「いい風吹け」キリンビール晴れ風賞,予選特選,２日目
蒲郡,07,20260930,11R,5,4102,A1,益田　　啓司,0,0,0.15,6.59,52.38,68.03,6.65,52.17,73.91,17,32.14,35.71,20,42.86,53.57,9R/1/.14/1,,,,,,福岡,大分,47,20:15,「いい風吹け」キリンビール晴れ風賞,予選特選,２日目
蒲郡,07,20260930,11R,6,4652,B1,酒見　　峻介,0,0,0.17,4.87,24.18,45.05,5.56,38.89,52.78,23,26.47,50.00,71,48.00,68.00,5R/4/.12/1,,,,,,佐賀,兵庫,41,20:15,「いい風吹け」キリンビール晴れ風賞,予選特選,２日目
蒲郡,07,20260930,12R,1,3557,A1,太田　　和美,1,0,0.15,6.22,44.74,63.16,7.56,56.41,74.36,11,32.14,53.57,48,31.43,48.57,4R/4/.12/3 12R/2/.12/2,,,,,,大阪,奈良,53,20:45,「いい風吹け」キリンビール晴れ風賞,予選記者特選,２日目
蒲郡,07,20260930,12R,2,4512,A1,高野　　哲史,0,0,0.15,6.87,57.72,70.47,6.85,58.49,69.81,27,24.24,54.55,54,45.95,56.76,7R/3/.11/2 12R/5/.17/5,,,,,,兵庫,兵庫,37,20:45,「いい風吹け」キリンビール晴れ風賞,予選記者特選,２日目
蒲郡,07,20260930,12R,3,4463,A2,三苫　　晃幸,0,0,0.15,6.22,42.72,67.96,5.50,31.82,54.55,24,39.39,48.48,66,68.97,75.86,9R/4/.08/3,,,,,,福岡,福岡,40,20:45,「いい風吹け」キリンビール晴れ風賞,予選記者特選,２日目
蒲郡,07,20260930,12R,4,4835,B1,橋本　　　明,0,0,0.15,4.90,25.42,45.76,4.43,14.29,42.86,14,60.71,71.43,77,42.31,61.54,2R/1/.10/2,,,,,,広島,広島,38,20:45,「いい風吹け」キリンビール晴れ風賞,予選記者特選,２日目
蒲郡,07,20260930,12R,5,4471,A1,新田　　泰章,0,0,0.15,6.41,47.92,63.89,7.50,59.38,78.13,64,34.29,57.14,67,30.77,65.38,10R/1/.29/1,,,,,,広島,広島,39,20:45,「いい風吹け」キリンビール晴れ風賞,予選記者特選,２日目
蒲郡,07,20260930,12R,6,4933,A2,板橋　　侑我,0,0,0.14,6.54,43.27,58.65,7.71,60.71,82.14,16,37.93,51.72,21,39.29,53.57,6R/1/.08/1,,,,,,静岡,静岡,30,20:45,「いい風吹け」キリンビール晴れ風賞,予選記者特選,２日目
津,09,20260930,1R,1,4808,A2,松尾　　　拓,0,0,0.16,6.34,46.15,63.08,6.63,48.26,69.77,67,39.46,55.10,14,32.79,51.64,,,,,,,三重,三重,38,10:30,津インクル開設１５周年記念レース,ツッキーレース,初日
津,09,20260930,1R,2,4022,B1,待鳥　　雄紀,0,0,0.16,4.80,27.00,44.00,3.71,0.00,42.86,61,31.06,46.58,21,31.15,46.99,,,,,,,福岡,福岡,46,10:30,津インクル開設１５周年記念レース,ツッキーレース,初日
津,09,20260930,1R,3,3306,B1,武田　　正紀,0,0,0.16,3.91,18.63,31.37,5.53,23.53,64.71,11,27.85,45.57,22,37.16,56.83,,,,,,,埼玉,東京,58,10:30,津インクル開設１５周年記念レース,ツッキーレース,初日
津,09,20260930,1R,4,3550,B1,都築　　正治,0,0,0.16,5.30,37.10,52.42,5.77,40.91,56.82,68,37.57,50.79,50,34.78,49.07,,,,,,,愛知,愛知,55,10:30,津インクル開設１５周年記念レース,ツッキーレース,初日
津,09,20260930,1R,5,4380,B1,鈴木　　峻佑,0,0,0.17,4.88,29.31,43.97,3.93,21.43,35.71,39,40.46,53.76,11,33.33,48.39,,,,,,,静岡,静岡,42,10:30,津インクル開設１５周年記念レース,ツッキーレース,初日
津,09,20260930,1R,6,4054,B1,福嶋　　智之,1,0,0.16,4.63,25.77,44.33,3.92,23.08,30.77,31,42.77,60.69,41,18.94,37.12,,,,,,,岡山,岡山,48,10:30,津インクル開設１５周年記念レース,ツッキーレース,初日
津,09,20260930,2R,1,3712,B1,淺香　　文武,0,0,0.17,4.76,33.68,45.26,5.03,32.26,50.00,14,28.14,43.71,24,32.31,45.64,,,,,,,三重,三重,52,10:59,津インクル開設１５周年記念レース,予選,初日
津,09,20260930,2R,2,4457,B1,神田　　達也,1,0,0.16,4.44,25.33,40.00,3.22,11.11,22.22,41,42.29,62.29,34,39.64,56.80,,,,,,,愛知,愛知,40,10:59,津インクル開設１５周年記念レース,予選,初日
津,09,20260930,2R,3,3647,B1,伊藤　　雄二,0,0,0.18,3.64,14.16,26.55,4.08,20.83,41.67,12,29.33,41.33,57,35.90,51.28,,,,,,,埼玉,埼玉,53,10:59,津インクル開設１５周年記念レース,予選,初日
津,09,20260930,2R,4,5011,B1,高木　　圭大,0,0,0.15,3.85,18.81,30.69,2.67,11.11,11.11,32,36.91,57.72,53,23.62,40.16,,,,,,,長崎,長崎,29,10:59,津インクル開設１５周年記念レース,予選,初日
津,09,20260930,2R,5,4336,B1,松田　　竜馬,0,0,0.15,5.16,31.63,50.00,5.71,38.10,61.90,69,22.56,36.84,68,24.81,39.85,,,,,,,福岡,鹿児島,42,10:59,津インクル開設１５周年記念レース,予選,初日
津,09,20260930,2R,6,5456,B2,今村　天次朗,1,0,,2.07,2.99,7.46,0.00,0.00,0.00,62,29.61,43.02,51,26.67,45.93,,,,,,,兵庫,兵庫,20,10:59,津インクル開設１５周年記念レース,予選,初日
津,09,20260930,3R,1,4625,B1,渡邊　　裕貴,0,0,0.17,5.16,30.77,46.15,4.52,30.77,40.38,43,27.61,41.72,69,35.36,53.04,,,,,,,静岡,静岡,40,11:28,津インクル開設１５周年記念レース,予選,初日
津,09,20260930,3R,2,4711,A2,前出　　達吉,0,0,0.16,6.05,43.75,66.07,4.56,22.22,44.44,71,30.39,45.30,30,35.91,50.28,,,,,,,福井,石川,36,11:28,津インクル開設１５周年記念レース,予選,初日
津,09,20260930,3R,3,4358,B1,松本　　庸平,0,0,0.22,4.43,27.36,42.45,4.70,30.95,44.44,55,27.10,38.06,63,32.74,50.00,,,,,,,三重,三重,42,11:28,津インクル開設１５周年記念レース,予選,初日
津,09,20260930,3R,4,5266,B1,石田　　勇斗,1,0,0.15,4.31,21.98,38.46,3.35,18.60,23.26,18,35.25,53.24,65,32.20,48.31,,,,,,,愛知,愛知,26,11:28,津インクル開設１５周年記念レース,予選,初日
津,09,20260930,3R,5,4578,A2,藤山　　雅弘,0,0,0.18,5.85,41.61,61.31,5.96,47.37,59.65,66,26.99,37.42,29,34.24,57.07,,,,,,,大阪,大阪,37,11:28,津インクル開設１５周年記念レース,予選,初日
津,09,20260930,3R,6,4002,A1,古結　　　宏,0,0,0.14,6.70,52.31,70.00,6.31,50.00,67.31,59,28.57,45.05,25,35.45,52.38,,,,,,,兵庫,兵庫,48,11:28,津インクル開設１５周年記念レース,予選,初日
津,09,20260930,4R,1,4200,B1,早川　　尚人,0,0,0.19,4.43,17.53,41.24,4.21,21.05,26.32,38,37.65,55.56,44,30.23,41.86,,,,,,,大阪,大阪,44,11:57,津インクル開設１５周年記念レース,予選,初日
津,09,20260930,4R,2,4073,A1,大橋　純一郎,0,0,0.15,6.65,54.03,69.35,6.21,42.42,66.67,20,29.11,40.51,67,35.00,51.11,,,,,,,静岡,静岡,45,11:57,津インクル開設１５周年記念レース,予選,初日
津,09,20260930,4R,3,4509,A2,平見　　真彦,1,0,0.18,6.24,44.44,66.67,5.78,38.89,50.00,51,46.15,62.64,45,37.11,55.35,,,,,,,愛知,愛知,37,11:57,津インクル開設１５周年記念レース,予選,初日
津,09,20260930,4R,4,4176,B2,樋口　　喜彦,0,0,0.18,3.29,13.85,24.62,2.75,12.50,25.00,27,34.32,49.70,74,38.37,51.16,,,,,,,兵庫,大阪,43,11:57,津インクル開設１５周年記念レース,予選,初日
津,09,20260930,4R,5,4094,B1,中島　　真二,0,0,0.18,4.59,26.88,40.86,5.74,36.84,63.16,52,30.77,46.15,52,33.13,54.22,,,,,,,福岡,福岡,45,11:57,津インクル開設１５周年記念レース,予選,初日
津,09,20260930,4R,6,4049,A2,荒川　　健太,0,0,0.17,5.95,38.28,60.94,6.65,49.25,68.66,36,38.55,56.02,31,39.02,60.98,,,,,,,三重,三重,46,11:57,津インクル開設１５周年記念レース,予選,初日
津,09,20260930,5R,1,3304,A1,烏野　　賢太,0,0,0.18,5.72,35.56,57.78,5.95,42.86,57.14,60,26.67,47.27,71,28.33,48.33,,,,,,,徳島,徳島,58,12:25,津インクル開設１５周年記念レース,５ールドレース,初日
津,09,20260930,5R,2,4727,B1,安部　　慎一,0,0,0.16,4.33,18.75,37.50,4.75,25.00,50.00,64,31.67,49.44,47,27.46,45.07,,,,,,,福岡,福岡,39,12:25,津インクル開設１５周年記念レース,５ールドレース,初日
津,09,20260930,5R,3,5103,B2,芝田　　京介,0,0,0.20,3.96,24.56,29.82,3.33,0.00,16.67,44,45.22,62.42,26,37.20,51.83,,,,,,,埼玉,埼玉,28,12:25,津インクル開設１５周年記念レース,５ールドレース,初日
津,09,20260930,5R,4,5441,B1,鈴木　　雄登,1,0,0.17,3.30,9.09,30.30,3.57,14.29,42.86,63,30.16,50.26,48,30.07,44.06,,,,,,,愛知,愛知,20,12:25,津インクル開設１５周年記念レース,５ールドレース,初日
津,09,20260930,5R,5,3605,B1,中村　　守成,0,0,0.19,4.02,12.90,31.18,4.75,28.70,39.13,25,40.94,55.70,54,21.48,39.26,,,,,,,三重,三重,54,12:25,津インクル開設１５周年記念レース,５ールドレース,初日
津,09,20260930,5R,6,3454,B1,井川　　大作,0,0,0.17,5.28,35.42,55.21,4.41,14.81,40.74,72,32.16,49.75,38,29.12,45.60,,,,,,,岡山,岡山,55,12:25,津インクル開設１５周年記念レース,５ールドレース,初日
津,09,20260930,6R,1,3445,B1,加藤　　高史,0,0,0.18,5.04,31.52,47.83,5.94,39.39,57.58,30,31.07,45.20,17,31.33,44.58,,,,,,,埼玉,東京,56,12:54,津インクル開設１５周年記念レース,予選,初日
津,09,20260930,6R,2,4040,A2,廣瀬　　将亨,0,0,0.15,5.93,39.53,55.04,6.00,47.06,52.94,49,36.71,51.90,61,26.45,38.71,,,,,,,兵庫,兵庫,47,12:54,津インクル開設１５周年記念レース,予選,初日
津,09,20260930,6R,3,3891,B1,谷口　　健一,0,0,0.18,3.42,14.53,23.08,4.11,22.22,38.89,57,22.81,40.35,27,28.57,43.57,,,,,,,福井,福井,50,12:54,津インクル開設１５周年記念レース,予選,初日
津,09,20260930,6R,4,4350,A1,篠崎　　元志,0,0,0.13,8.09,65.65,80.92,6.56,33.33,44.44,47,32.04,46.96,36,27.94,44.85,,,,,,,福岡,福岡,40,12:54,津インクル開設１５周年記念レース,予選,初日
津,09,20260930,6R,5,4215,A2,吉島　　祥之,0,0,0.16,5.51,37.10,52.42,4.98,35.71,45.24,22,40.45,60.67,73,32.96,50.28,,,,,,,愛知,愛知,42,12:54,津インクル開設１５周年記念レース,予選,初日
津,09,20260930,6R,6,4022,B1,待鳥　　雄紀,0,0,0.16,4.80,27.00,44.00,3.71,0.00,42.86,61,31.06,46.58,21,31.15,46.99,1R/2/.21/4,,,,,,福岡,福岡,46,12:54,津インクル開設１５周年記念レース,予選,初日
津,09,20260930,7R,1,5208,B1,屋良　　龍紀,1,0,0.15,4.00,20.69,40.23,0.00,0.00,0.00,29,30.34,46.90,76,40.49,59.51,,,,,,,長崎,長崎,29,13:24,津インクル開設１５周年記念レース,予選,初日
津,09,20260930,7R,2,4861,A2,田中　　宏樹,0,0,0.17,5.17,29.46,51.79,3.60,16.00,28.00,50,33.15,49.46,56,36.16,55.37,,,,,,,福岡,宮崎,38,13:24,津インクル開設１５周年記念レース,予選,初日
津,09,20260930,7R,3,4903,A1,吉田　凌太朗,1,0,0.15,6.35,46.96,61.74,6.37,48.15,70.37,17,24.68,39.87,49,40.24,54.44,,,,,,,愛知,愛知,33,13:24,津インクル開設１５周年記念レース,予選,初日
津,09,20260930,7R,4,3712,B1,淺香　　文武,0,0,0.17,4.76,33.68,45.26,5.03,32.26,50.00,14,28.14,43.71,24,32.31,45.64,2R/1/.03/1,,,,,,三重,三重,52,13:24,津インクル開設１５周年記念レース,予選,初日
津,09,20260930,7R,5,4360,A2,庄司　　孝輔,0,0,0.18,5.45,32.20,51.69,5.33,29.63,55.56,13,37.11,56.60,64,31.41,50.64,,,,,,,静岡,静岡,41,13:24,津インクル開設１５周年記念レース,予選,初日
津,09,20260930,7R,6,3306,B1,武田　　正紀,0,0,0.16,3.91,18.63,31.37,5.53,23.53,64.71,11,27.85,45.57,22,37.16,56.83,1R/3/.27/5,,,,,,埼玉,東京,58,13:24,津インクル開設１５周年記念レース,予選,初日
津,09,20260930,8R,1,3550,B1,都築　　正治,0,0,0.16,5.30,37.10,52.42,5.77,40.91,56.82,68,37.57,50.79,50,34.78,49.07,1R/4/.17/2,,,,,,愛知,愛知,55,13:55,津インクル開設１５周年記念レース,予選,初日
津,09,20260930,8R,2,5315,B2,浅井　　　翼,0,0,0.21,2.73,11.39,18.99,1.14,0.00,0.00,21,37.80,56.10,33,45.90,63.93,,,,,,,埼玉,北海道,26,13:55,津インクル開設１５周年記念レース,予選,初日
津,09,20260930,8R,3,4096,A1,石橋　　道友,0,0,0.15,6.66,50.42,61.34,6.63,48.15,70.37,53,31.58,46.71,23,36.02,48.45,,,,,,,長崎,長崎,44,13:55,津インクル開設１５周年記念レース,予選,初日
津,09,20260930,8R,4,4319,A2,三宅　　　潤,0,0,0.18,5.41,30.77,54.55,4.97,36.11,47.22,70,36.02,51.61,12,28.24,38.24,,,,,,,大阪,大阪,41,13:55,津インクル開設１５周年記念レース,予選,初日
津,09,20260930,8R,5,4358,B1,松本　　庸平,0,0,0.22,4.43,27.36,42.45,4.70,30.95,44.44,55,27.10,38.06,63,32.74,50.00,3R/3/.17/6,,,,,,三重,三重,42,13:55,津インクル開設１５周年記念レース,予選,初日
津,09,20260930,8R,6,4402,A2,乙藤　　智史,0,0,0.17,6.00,43.97,59.48,4.83,25.00,41.67,26,31.82,53.90,18,39.60,58.39,,,,,,,福岡,福岡,41,13:55,津インクル開設１５周年記念レース,予選,初日
津,09,20260930,9R,1,4394,A2,永嶋　　裕一,0,0,0.15,6.03,38.46,65.81,6.00,42.86,71.43,34,24.03,42.86,39,33.60,49.60,,,,,,,福岡,福岡,40,14:27,津インクル開設１５周年記念レース,予選特賞,初日
津,09,20260930,9R,2,4054,B1,福嶋　　智之,1,0,0.16,4.63,25.77,44.33,3.92,23.08,30.77,31,42.77,60.69,41,18.94,37.12,1R/6/.35/6,,,,,,岡山,岡山,48,14:27,津インクル開設１５周年記念レース,予選特賞,初日
津,09,20260930,9R,3,3931,A2,黒崎　　竜也,1,0,0.15,6.26,42.37,63.56,5.75,36.14,61.45,28,33.54,49.69,13,35.09,54.97,,,,,,,三重,三重,50,14:27,津インクル開設１５周年記念レース,予選特賞,初日
津,09,20260930,9R,4,3647,B1,伊藤　　雄二,0,0,0.18,3.64,14.16,26.55,4.08,20.83,41.67,12,29.33,41.33,57,35.90,51.28,2R/3/.06/4,,,,,,埼玉,埼玉,53,14:27,津インクル開設１５周年記念レース,予選特賞,初日
津,09,20260930,9R,5,4509,A2,平見　　真彦,1,0,0.18,6.24,44.44,66.67,5.78,38.89,50.00,51,46.15,62.64,45,37.11,55.35,4R/4/.21/3,,,,,,愛知,愛知,37,14:27,津インクル開設１５周年記念レース,予選特賞,初日
津,09,20260930,9R,6,4711,A2,前出　　達吉,0,0,0.16,6.05,43.75,66.07,4.56,22.22,44.44,71,30.39,45.30,30,35.91,50.28,3R/2/.12/3,,,,,,福井,石川,36,14:27,津インクル開設１５周年記念レース,予選特賞,初日
津,09,20260930,10R,1,4578,A2,藤山　　雅弘,0,0,0.18,5.85,41.61,61.31,5.96,47.37,59.65,66,26.99,37.42,29,34.24,57.07,3R/6/.24/4,,,,,,大阪,大阪,37,15:00,津インクル開設１５周年記念レース,予選特賞,初日
津,09,20260930,10R,2,4336,B1,松田　　竜馬,0,0,0.15,5.16,31.63,50.00,5.71,38.10,61.90,69,22.56,36.84,68,24.81,39.85,2R/5/.05/5,,,,,,福岡,鹿児島,42,15:00,津インクル開設１５周年記念レース,予選特賞,初日
津,09,20260930,10R,3,3811,A1,石田　　章央,1,0,0.16,6.06,45.99,61.31,5.70,39.39,54.55,35,38.24,56.47,40,29.87,49.35,,,,,,,静岡,静岡,50,15:00,津インクル開設１５周年記念レース,予選特賞,初日
津,09,20260930,10R,4,4808,A2,松尾　　　拓,0,0,0.16,6.34,46.15,63.08,6.63,48.26,69.77,67,39.46,55.10,14,32.79,51.64,1R/1/.16/1,,,,,,三重,三重,38,15:00,津インクル開設１５周年記念レース,予選特賞,初日
津,09,20260930,10R,5,5103,B2,芝田　　京介,0,0,0.20,3.96,24.56,29.82,3.33,0.00,16.67,44,45.22,62.42,26,37.20,51.83,5R/3/.14/4,,,,,,埼玉,埼玉,28,15:00,津インクル開設１５周年記念レース,予選特賞,初日
津,09,20260930,10R,6,4040,A2,廣瀬　　将亨,0,0,0.15,5.93,39.53,55.04,6.00,47.06,52.94,49,36.71,51.90,61,26.45,38.71,6R/2/.16/5,,,,,,兵庫,兵庫,47,15:00,津インクル開設１５周年記念レース,予選特賞,初日
津,09,20260930,11R,1,3743,A1,林　　　美憲,0,0,0.15,5.65,42.55,53.90,6.00,42.11,63.16,33,27.60,46.88,20,36.67,56.67,,,,,,,徳島,徳島,51,15:35,津インクル開設１５周年記念レース,予選特選,初日
津,09,20260930,11R,2,3454,B1,井川　　大作,0,0,0.17,5.28,35.42,55.21,4.41,14.81,40.74,72,32.16,49.75,38,29.12,45.60,5R/6/.19/6,,,,,,岡山,岡山,55,15:35,津インクル開設１５周年記念レース,予選特選,初日
津,09,20260930,11R,3,4049,A2,荒川　　健太,0,0,0.17,5.95,38.28,60.94,6.65,49.25,68.66,36,38.55,56.02,31,39.02,60.98,4R/2/.14/1,,,,,,三重,三重,46,15:35,津インクル開設１５周年記念レース,予選特選,初日
津,09,20260930,11R,4,4215,A2,吉島　　祥之,0,0,0.16,5.51,37.10,52.42,4.98,35.71,45.24,22,40.45,60.67,73,32.96,50.28,6R/5/.15/2,,,,,,愛知,愛知,42,15:35,津インクル開設１５周年記念レース,予選特選,初日
津,09,20260930,11R,5,4625,B1,渡邊　　裕貴,0,0,0.17,5.16,30.77,46.15,4.52,30.77,40.38,43,27.61,41.72,69,35.36,53.04,3R/1/.15/1,,,,,,静岡,静岡,40,15:35,津インクル開設１５周年記念レース,予選特選,初日
津,09,20260930,11R,6,4861,A2,田中　　宏樹,0,0,0.17,5.17,29.46,51.79,3.60,16.00,28.00,50,33.15,49.46,56,36.16,55.37,7R/2/.21/2,,,,,,福岡,宮崎,38,15:35,津インクル開設１５周年記念レース,予選特選,初日
津,09,20260930,12R,1,4350,A1,篠崎　　元志,0,0,0.13,8.09,65.65,80.92,6.56,33.33,44.44,47,32.04,46.96,36,27.94,44.85,6R/4/.09/1,,,,,,福岡,福岡,40,16:12,津インクル開設１５周年記念レース,ドリーム戦,初日
津,09,20260930,12R,2,4002,A1,古結　　　宏,0,0,0.14,6.70,52.31,70.00,6.31,50.00,67.31,59,28.57,45.05,25,35.45,52.38,3R/4/.15/2,,,,,,兵庫,兵庫,48,16:12,津インクル開設１５周年記念レース,ドリーム戦,初日
津,09,20260930,12R,3,3304,A1,烏野　　賢太,0,0,0.18,5.72,35.56,57.78,5.95,42.86,57.14,60,26.67,47.27,71,28.33,48.33,5R/1/.11/2,,,,,,徳島,徳島,58,16:12,津インクル開設１５周年記念レース,ドリーム戦,初日
津,09,20260930,12R,4,4096,A1,石橋　　道友,0,0,0.15,6.66,50.42,61.34,6.63,48.15,70.37,53,31.58,46.71,23,36.02,48.45,8R/3/.13/1,,,,,,長崎,長崎,44,16:12,津インクル開設１５周年記念レース,ドリーム戦,初日
津,09,20260930,12R,5,4073,A1,大橋　純一郎,0,0,0.15,6.65,54.03,69.35,6.21,42.42,66.67,20,29.11,40.51,67,35.00,51.11,4R/3/.12/2,,,,,,静岡,静岡,45,16:12,津インクル開設１５周年記念レース,ドリーム戦,初日
津,09,20260930,12R,6,4903,A1,吉田　凌太朗,1,0,0.15,6.35,46.96,61.74,6.37,48.15,70.37,17,24.68,39.87,49,40.24,54.44,7R/3/.20/5,,,,,,愛知,愛知,33,16:12,津インクル開設１５周年記念レース,ドリーム戦,初日
鳴門,14,20260930,1R,1,3499,A1,市川　　哲也,1,0,0.15,5.49,34.38,56.25,6.09,36.36,63.64,83,25.00,35.23,22,24.42,38.37,7R/5/.08/2 12R/1/.07/2,10R/2/.19/2,4R/4/.13/4 11R/4/.12/1,,,,広島,広島,57,08:32,ＢＯＡＴＲＡＣＥ振興会会長杯競走,とるならなると,４日目
鳴門,14,20260930,1R,2,4887,B1,富澤　　祐作,1,0,0.13,4.98,31.71,47.56,5.92,40.00,68.00,62,34.09,44.32,13,35.23,54.55,2R/1/.09/1 9R/3/.18/4,4R/6/.19/6,5R/5/.12/4 9R/5/.20/5,,,,群馬,群馬,39,08:32,ＢＯＡＴＲＡＣＥ振興会会長杯競走,とるならなると,４日目
鳴門,14,20260930,1R,3,4092,B1,岡部　　大輔,0,0,0.16,4.88,27.78,44.44,5.00,25.00,37.50,18,34.74,51.58,78,33.68,45.26,10R/5/.08/4,2R/5/.18/3 8R/1/.10/4,3R/2/.17/5,,,,佐賀,佐賀,45,08:32,ＢＯＡＴＲＡＣＥ振興会会長杯競走,とるならなると,４日目
鳴門,14,20260930,1R,4,3580,B1,水口　　由紀,0,0,0.20,4.26,16.33,38.78,5.91,39.39,57.58,74,26.74,50.00,39,34.78,56.52,5R/2/.22/5,1R/3/.16/5 8R/6/.19/6,7R/1/.22/3,,,,滋賀,京都,53,08:32,ＢＯＡＴＲＡＣＥ振興会会長杯競走,とるならなると,４日目
鳴門,14,20260930,1R,5,3587,B1,武田　　信一,1,0,0.16,3.86,15.66,32.53,4.23,17.86,38.10,36,21.35,33.71,28,40.00,52.22,2R/5/.14/4 8R/4/.19/6,9R/1/.18/3,1R/2/.22/4,,,,徳島,徳島,53,08:32,ＢＯＡＴＲＡＣＥ振興会会長杯競走,とるならなると,４日目
鳴門,14,20260930,1R,6,5428,B2,古園井　綾南,1,0,0.19,1.06,0.00,0.00,1.00,0.00,0.00,15,51.61,70.97,52,34.44,52.22,2R/6/.13/6 6R/6/.18/6,2R/6/.22/6,6R/6/.16/6,,,,佐賀,福岡,24,08:32,ＢＯＡＴＲＡＣＥ振興会会長杯競走,とるならなると,４日目
鳴門,14,20260930,2R,1,5036,B1,福田　　翔吾,0,0,0.18,5.58,36.89,59.02,4.92,33.33,41.67,50,38.04,56.52,12,33.33,45.16,2R/3/.14/3 7R/4/.03/1,9R/5/.12/1,5R/2/.24/6 12R/6/.12/6,,,,大阪,大阪,28,08:58,ＢＯＡＴＲＡＣＥ振興会会長杯競走,どーなるなると,４日目
鳴門,14,20260930,2R,2,4596,A2,葛原　　大陽,1,0,0.15,6.07,39.34,63.93,6.27,46.06,63.64,53,32.05,43.59,70,36.36,50.00,3R/1/.14/1 11R/5/.19/3,8R/3/.14/2,7R/4/.18/4 11R/2/.15/5,,,,徳島,徳島,43,08:58,ＢＯＡＴＲＡＣＥ振興会会長杯競走,どーなるなると,４日目
鳴門,14,20260930,2R,3,3439,A1,大平　誉史明,0,0,0.16,5.72,40.83,57.50,4.40,20.00,40.00,55,35.63,50.57,26,31.82,47.73,4R/2/.14/6 12R/6/.08/3,3R/1/.08/1 11R/3/.14/3,3R/4/.16/1 10R/1/.17/3,,,,大阪,大阪,57,08:58,ＢＯＡＴＲＡＣＥ振興会会長杯競走,どーなるなると,４日目
鳴門,14,20260930,2R,4,5117,B1,冨名腰　桃奈,0,0,0.19,5.26,34.62,51.28,5.38,46.15,53.85,67,39.02,52.44,37,34.88,51.16,5R/3/.11/1 9R/2/.16/5,5R/6/.17/5,4R/5/.16/3,,,,福岡,沖縄,26,08:58,ＢＯＡＴＲＡＣＥ振興会会長杯競走,どーなるなると,４日目
鳴門,14,20260930,2R,5,3477,B1,近藤　　稔也,0,0,0.19,3.88,14.77,31.82,4.70,26.95,44.68,37,50.56,60.67,62,31.76,45.88,1R/2/.21/5 9R/5/.15/2,7R/1/.19/5,5R/4/.14/5,,,,徳島,徳島,56,08:58,ＢＯＡＴＲＡＣＥ振興会会長杯競走,どーなるなると,４日目
鳴門,14,20260930,2R,6,3548,A2,室田　　泰史,1,0,0.12,5.09,31.78,48.06,7.43,57.14,85.71,14,39.56,52.75,36,26.44,48.28,4R/1/.06/1,4R/5/.10/1 12R/2/.27/6,2R/4/.12/1 8R/4/.11/2,,,,福井,福井,56,08:58,ＢＯＡＴＲＡＣＥ振興会会長杯競走,どーなるなると,４日目
鳴門,14,20260930,3R,1,4286,A2,平田　さやか,0,0,0.15,5.99,41.61,63.76,5.13,30.43,47.83,68,31.76,44.71,32,36.47,61.18,5R/4/.10/2,8R/2/.16/1 12R/4/.21/4,6R/3/.21/2 11R/6/.13/4,,,,東京,東京,42,09:24,ＢＯＡＴＲＡＣＥ振興会会長杯競走,どきどきなると,４日目
鳴門,14,20260930,3R,2,5041,B1,荒牧　　凪沙,1,0,0.19,4.83,30.00,43.75,4.80,26.67,40.00,82,56.98,77.91,76,34.04,52.13,3R/5/.18/3,2R/3/.26/5 10R/1/.08/1,1R/6/.19/6 7R/3/.18/2,,,,福岡,福岡,28,09:24,ＢＯＡＴＲＡＣＥ振興会会長杯競走,どきどきなると,４日目
鳴門,14,20260930,3R,3,3024,B2,西島　　義則,0,0,0.17,6.67,61.11,61.11,7.32,63.41,70.73,72,35.23,46.59,54,36.47,52.94,8R/2/.18/4,5R/2/.17/2 11R/2/.11/2,4R/2/.12/2 8R/1/.18/1,,,,広島,島根,64,09:24,ＢＯＡＴＲＡＣＥ振興会会長杯競走,どきどきなると,４日目
鳴門,14,20260930,3R,4,3618,A1,海野　ゆかり,0,0,0.19,6.42,48.87,63.16,5.75,25.00,57.14,58,35.23,47.73,24,28.57,48.81,5R/1/.20/4 12R/5/.04/4,2R/2/.25/4 7R/4/.02/2,9R/2/.13/3,,,,広島,広島,52,09:24,ＢＯＡＴＲＡＣＥ振興会会長杯競走,どきどきなると,４日目
鳴門,14,20260930,3R,5,5356,B1,長谷川　　暖,1,0,0.15,4.83,27.14,41.43,2.36,0.00,7.14,39,20.93,40.70,57,24.39,37.80,8R/6/.26/3,5R/4/.12/4 9R/2/.17/6,6R/4/.25/5,,,,岡山,鳥取,21,09:24,ＢＯＡＴＲＡＣＥ振興会会長杯競走,どきどきなると,４日目
鳴門,14,20260930,3R,6,5355,B1,萩原　丈太朗,0,0,0.17,2.57,9.33,13.33,2.25,8.33,16.67,64,38.37,55.81,20,27.59,44.83,1R/5/.05/2 6R/4/.12/5,6R/2/.11/5,5R/1/.14/1 11R/3/.23/6,,,,福井,福井,21,09:24,ＢＯＡＴＲＡＣＥ振興会会長杯競走,どきどきなると,４日目
鳴門,14,20260930,4R,1,3412,A1,鈴木　　　博,0,0,0.16,6.32,47.73,65.15,6.92,60.00,72.00,19,34.83,52.81,68,24.72,40.45,2R/4/.14/5 12R/2/.11/5,6R/5/.17/4 12R/1/.23/2,9R/3/.10/4,,,,埼玉,埼玉,57,09:50,ＢＯＡＴＲＡＣＥ振興会会長杯競走,とにかくなると,４日目
鳴門,14,20260930,4R,2,4538,A1,笠置　　博之,1,0,0.15,5.25,39.13,52.17,6.91,60.87,69.57,28,27.85,48.10,50,34.09,51.14,9R/4/.11/1,2R/4/.15/1 12R/5/.13/1,6R/5/.15/1 12R/1/.15/1,,,,大阪,大阪,36,09:50,ＢＯＡＴＲＡＣＥ振興会会長杯競走,とにかくなると,４日目
鳴門,14,20260930,4R,3,4031,B1,飯島　　　誠,0,0,0.17,4.71,26.80,43.30,3.83,17.24,34.48,78,35.23,53.41,83,33.33,45.98,3R/4/.14/2 10R/6/.09/6,4R/2/.18/5,6R/1/.22/4,,,,埼玉,埼玉,48,09:50,ＢＯＡＴＲＡＣＥ振興会会長杯競走,とにかくなると,４日目
鳴門,14,20260930,4R,4,3809,B1,吉田　　　光,1,0,0.19,4.31,12.77,40.43,4.36,20.00,44.00,59,37.08,50.56,65,35.23,53.41,7R/1/.12/5,5R/3/.17/3 10R/5/.17/3,2R/3/.17/6 7R/6/.19/6,,,,佐賀,佐賀,51,09:50,ＢＯＡＴＲＡＣＥ振興会会長杯競走,とにかくなると,４日目
鳴門,14,20260930,4R,5,4325,B1,新出　　浩司,0,0,0.19,4.43,17.24,40.23,4.08,19.23,26.92,20,33.71,53.93,66,38.46,56.04,1R/6/.06/3 10R/3/.08/5,4R/4/.08/3,1R/3/.21/2,,,,大阪,大阪,43,09:50,ＢＯＡＴＲＡＣＥ振興会会長杯競走,とにかくなると,４日目
鳴門,14,20260930,4R,6,4133,A2,高橋　　正男,1,0,0.17,6.39,53.04,63.48,6.26,42.11,63.16,63,34.74,60.00,19,29.07,50.00,4R/5/.15/3 11R/3/.09/2,10R/4/.17/5,5R/6/.21/3,,,,兵庫,兵庫,46,09:50,ＢＯＡＴＲＡＣＥ振興会会長杯競走,とにかくなると,４日目
鳴門,14,20260930,5R,1,5312,B1,川辺　　郭人,1,0,0.17,3.38,7.61,22.83,3.25,8.33,25.00,31,32.56,50.00,77,40.74,54.32,1R/3/.18/6,3R/2/.11/4 8R/4/.17/5,8R/6/.12/6,,,,佐賀,佐賀,26,10:16,ＢＯＡＴＲＡＣＥ振興会会長杯競走,予選,４日目
鳴門,14,20260930,5R,2,3872,A2,岡田　　憲行,0,0,0.18,5.60,33.94,54.13,5.68,42.50,57.50,21,27.16,48.15,69,27.27,47.73,6R/2/.16/2 11R/6/.17/6,3R/3/.04/2 9R/4/.27/5,4R/1/.13/1,,,,大阪,大阪,50,10:16,ＢＯＡＴＲＡＣＥ振興会会長杯競走,予選,４日目
鳴門,14,20260930,5R,3,3915,A2,繁野谷　圭介,0,0,0.19,6.31,45.90,64.75,5.14,28.57,42.86,70,37.35,51.81,33,47.67,61.63,3R/2/.17/5 8R/5/.25/2,7R/3/.12/3 11R/4/.12/4,1R/1/.23/1,,,,大阪,大阪,52,10:16,ＢＯＡＴＲＡＣＥ振興会会長杯競走,予選,４日目
鳴門,14,20260930,5R,4,4116,B1,川田　　正人,1,0,0.18,4.47,14.77,45.45,5.01,30.21,50.00,29,48.00,58.00,34,23.86,44.32,6R/1/.25/3,1R/5/.11/3 9R/3/.18/4,2R/2/.15/5 11R/5/.12/3,,,,徳島,徳島,45,10:16,ＢＯＡＴＲＡＣＥ振興会会長杯競走,予選,４日目
鳴門,14,20260930,5R,5,4409,A1,坂元　　浩仁,1,0,0.15,6.44,47.83,60.87,5.11,11.11,44.44,75,28.05,43.90,61,31.76,49.41,1R/1/.23/4 12R/3/.07/6,5R/5/.15/1,7R/2/.18/5 12R/5/.11/3,,,,愛知,愛知,40,10:16,ＢＯＡＴＲＡＣＥ振興会会長杯競走,予選,４日目
鳴門,14,20260930,5R,6,4693,B1,松下　　誉士,0,0,0.19,4.24,26.42,35.85,5.29,42.86,57.14,81,25.93,38.27,80,20.24,41.67,4R/3/.16/5,1R/4/.11/2 6R/1/.17/2,6R/2/.20/3 10R/5/.11/1,,,,福岡,福岡,42,10:16,ＢＯＡＴＲＡＣＥ振興会会長杯競走,予選,４日目
鳴門,14,20260930,6R,1,5271,B1,杉山　　太陽,0,0,0.19,4.07,18.27,35.58,3.21,8.33,25.00,38,37.93,58.62,25,19.54,42.53,7R/6/.11/4,1R/2/.03/1 11R/5/.07/6,8R/5/.08/3,,,,福岡,福岡,25,10:51,ＢＯＡＴＲＡＣＥ振興会会長杯競走,予選,４日目
鳴門,14,20260930,6R,2,3874,A2,山本　　寛久,0,0,0.17,7.03,50.43,73.50,5.95,45.00,60.00,13,30.49,60.98,23,30.68,46.59,11R/1/.09/1,7R/5/.07/1,2R/6/.12/4 12R/2/.17/5,,,,岡山,岡山,50,10:51,ＢＯＡＴＲＡＣＥ振興会会長杯競走,予選,４日目
鳴門,14,20260930,6R,3,3587,B1,武田　　信一,1,0,0.16,3.86,15.66,32.53,4.23,17.86,38.10,36,21.35,33.71,28,40.00,52.22,2R/5/.14/4 8R/4/.19/6,9R/1/.18/3,1R/2/.22/4,1R/5/.10/5,,,徳島,徳島,53,10:51,ＢＯＡＴＲＡＣＥ振興会会長杯競走,予選,４日目
鳴門,14,20260930,6R,4,5036,B1,福田　　翔吾,0,0,0.18,5.58,36.89,59.02,4.92,33.33,41.67,50,38.04,56.52,12,33.33,45.16,2R/3/.14/3 7R/4/.03/1,9R/5/.12/1,5R/2/.24/6 12R/6/.12/6,2R/1/.10/1,,,大阪,大阪,28,10:51,ＢＯＡＴＲＡＣＥ振興会会長杯競走,予選,４日目
鳴門,14,20260930,6R,5,4148,A2,枝尾　　　賢,0,0,0.14,6.25,43.44,63.11,7.50,57.14,85.71,17,25.56,47.78,74,40.00,60.00,10R/4/.08/2,6R/4/.11/3 11R/1/.12/1,4R/3/.12/5 9R/4/.09/2,,,,福岡,福岡,44,10:51,ＢＯＡＴＲＡＣＥ振興会会長杯競走,予選,４日目
鳴門,14,20260930,6R,6,3967,B1,鈴木　　茂高,1,0,0.19,4.22,25.29,36.78,0.00,0.00,0.00,66,43.96,63.74,71,26.09,41.30,9R/1/.21/3,3R/5/.11/5 7R/2/.19/4,1R/4/.25/3 10R/3/.26/4,,,,愛知,愛知,47,10:51,ＢＯＡＴＲＡＣＥ振興会会長杯競走,予選,４日目
鳴門,14,20260930,7R,1,5117,B1,冨名腰　桃奈,0,0,0.19,5.26,34.62,51.28,5.38,46.15,53.85,67,39.02,52.44,37,34.88,51.16,5R/3/.11/1 9R/2/.16/5,5R/6/.17/5,4R/5/.16/3,2R/4/.18/4,,,福岡,沖縄,26,11:30,ＢＯＡＴＲＡＣＥ振興会会長杯競走,予選,４日目
鳴門,14,20260930,7R,2,4895,A2,門間　　雄大,1,0,0.15,4.94,24.04,50.00,5.40,20.00,70.00,34,30.11,41.94,60,34.88,58.14,6R/5/.12/4 10R/1/.10/1,11R/6/.09/5,5R/3/.18/2 10R/4/.12/2,,,,東京,北海道,35,11:30,ＢＯＡＴＲＡＣＥ振興会会長杯競走,予選,４日目
鳴門,14,20260930,7R,3,4247,B1,齊藤　　　優,0,0,0.17,5.37,33.68,52.63,5.56,32.52,58.54,84,18.18,43.18,15,30.43,52.17,7R/2/.15/3,3R/4/.05/3 12R/6/.17/3,1R/5/.19/5 9R/1/.11/1,,,,徳島,徳島,44,11:30,ＢＯＡＴＲＡＣＥ振興会会長杯競走,予選,４日目
鳴門,14,20260930,7R,4,5307,B1,富永　夏哉人,0,0,0.19,4.54,27.45,41.18,3.19,18.75,18.75,80,26.32,44.21,55,32.18,36.78,4R/6/.22/4 8R/3/.18/1,10R/3/.16/4,2R/1/.10/3 9R/6/.28/6,,,,佐賀,佐賀,23,11:30,ＢＯＡＴＲＡＣＥ振興会会長杯競走,予選,４日目
鳴門,14,20260930,7R,5,3580,B1,水口　　由紀,0,0,0.20,4.26,16.33,38.78,5.91,39.39,57.58,74,26.74,50.00,39,34.78,56.52,5R/2/.22/5,1R/3/.16/5 8R/6/.19/6,7R/1/.22/3,1R/4/.11/4,,,滋賀,京都,53,11:30,ＢＯＡＴＲＡＣＥ振興会会長杯競走,予選,４日目
鳴門,14,20260930,7R,6,4420,A2,津久井　拓也,0,0,0.16,5.66,38.24,54.41,5.74,37.14,62.86,69,26.74,46.51,16,37.93,58.62,3R/3/.18/4,5R/1/.26/6 12R/3/.18/5,2R/5/.13/2 10R/2/.25/5,,,,群馬,栃木,38,11:30,ＢＯＡＴＲＡＣＥ振興会会長杯競走,予選,４日目
鳴門,14,20260930,8R,1,4325,B1,新出　　浩司,0,0,0.19,4.43,17.24,40.23,4.08,19.23,26.92,20,33.71,53.93,66,38.46,56.04,1R/6/.06/3 10R/3/.08/5,4R/4/.08/3,1R/3/.21/2,4R/5/.16/6,,,大阪,大阪,43,11:59,ＢＯＡＴＲＡＣＥ振興会会長杯競走,予選,４日目
鳴門,14,20260930,8R,2,4694,B1,高田　　　綾,0,0,0.20,4.45,20.20,41.41,5.06,25.00,50.00,77,32.22,55.56,29,37.50,53.41,1R/4/.08/1 8R/1/.13/5,3R/6/.02/6,3R/3/.15/3 7R/5/.16/1,,,,福岡,福岡,41,11:59,ＢＯＡＴＲＡＣＥ振興会会長杯競走,予選,４日目
鳴門,14,20260930,8R,3,4676,A2,後藤　　隼之,1,0,0.17,4.98,23.23,51.52,5.00,21.21,48.48,57,41.38,54.02,35,25.00,37.50,2R/2/.12/2 11R/4/.16/4,6R/3/.09/1 10R/6/.19/6,3R/5/.21/4 11R/1/.17/2,,,,東京,東京,38,11:59,ＢＯＡＴＲＡＣＥ振興会会長杯競走,予選,４日目
鳴門,14,20260930,8R,4,4506,A1,稗田　　聖也,0,0,0.14,6.28,47.41,64.66,6.83,53.33,73.33,25,32.29,51.04,27,37.35,51.81,6R/3/.09/1 12R/4/.05/1,4R/1/.12/2 8R/5/.14/3,8R/2/.14/5,,,,福岡,福岡,38,11:59,ＢＯＡＴＲＡＣＥ振興会会長杯競走,予選,４日目
鳴門,14,20260930,8R,5,3024,B2,西島　　義則,0,0,0.17,6.67,61.11,61.11,7.32,63.41,70.73,72,35.23,46.59,54,36.47,52.94,8R/2/.18/4,5R/2/.17/2 11R/2/.11/2,4R/2/.12/2 8R/1/.18/1,3R/2/.17/3,,,広島,島根,64,11:59,ＢＯＡＴＲＡＣＥ振興会会長杯競走,予選,４日目
鳴門,14,20260930,8R,6,5451,B2,知念　　伶奈,1,0,,1.29,2.63,2.63,0.00,0.00,0.00,60,30.00,45.00,31,33.71,53.93,3R/6/.28/6 9R/6/.17/6,6R/6/.31/6,4R/6/.17/6 10R/6/.18/6,,,,佐賀,沖縄,21,11:59,ＢＯＡＴＲＡＣＥ振興会会長杯競走,予選,４日目
鳴門,14,20260930,9R,1,5356,B1,長谷川　　暖,1,0,0.15,4.83,27.14,41.43,2.36,0.00,7.14,39,20.93,40.70,57,24.39,37.80,8R/6/.26/3,5R/4/.12/4 9R/2/.17/6,6R/4/.25/5,3R/5/.20/4,,,岡山,鳥取,21,12:27,ＢＯＡＴＲＡＣＥ振興会会長杯競走,特賞,４日目
鳴門,14,20260930,9R,2,3900,A2,香川　　素子,1,0,0.18,6.10,43.43,62.63,6.66,48.94,65.96,35,28.41,44.32,79,34.44,55.56,5R/5/.18/3 11R/2/.15/5,4R/3/.16/4 9R/6/.09/2,3R/1/.17/2 12R/4/.09/4,,,,滋賀,大阪,49,12:27,ＢＯＡＴＲＡＣＥ振興会会長杯競走,特賞,４日目
鳴門,14,20260930,9R,3,3548,A2,室田　　泰史,1,0,0.12,5.09,31.78,48.06,7.43,57.14,85.71,14,39.56,52.75,36,26.44,48.28,4R/1/.06/1,4R/5/.10/1 12R/2/.27/6,2R/4/.12/1 8R/4/.11/2,2R/6/.15/6,,,福井,福井,56,12:27,ＢＯＡＴＲＡＣＥ振興会会長杯競走,特賞,４日目
鳴門,14,20260930,9R,4,4538,A1,笠置　　博之,1,0,0.15,5.25,39.13,52.17,6.91,60.87,69.57,28,27.85,48.10,50,34.09,51.14,9R/4/.11/1,2R/4/.15/1 12R/5/.13/1,6R/5/.15/1 12R/1/.15/1,4R/3/.15/1,,,大阪,大阪,36,12:27,ＢＯＡＴＲＡＣＥ振興会会長杯競走,特賞,４日目
鳴門,14,20260930,9R,5,5312,B1,川辺　　郭人,1,0,0.17,3.38,7.61,22.83,3.25,8.33,25.00,31,32.56,50.00,77,40.74,54.32,1R/3/.18/6,3R/2/.11/4 8R/4/.17/5,8R/6/.12/6,5R/1/.15/5,,,佐賀,佐賀,26,12:27,ＢＯＡＴＲＡＣＥ振興会会長杯競走,特賞,４日目
鳴門,14,20260930,9R,6,5462,B2,山浦　　　槙,0,0,,1.63,0.00,2.04,2.50,0.00,12.50,30,40.00,52.94,82,25.84,43.82,5R/6/.21/6,1R/6/.13/4 7R/6/.10/6,3R/6/.22/6,,,,佐賀,佐賀,19,12:27,ＢＯＡＴＲＡＣＥ振興会会長杯競走,特賞,４日目
鳴門,14,20260930,10R,1,4409,A1,坂元　　浩仁,1,0,0.15,6.44,47.83,60.87,5.11,11.11,44.44,75,28.05,43.90,61,31.76,49.41,1R/1/.23/4 12R/3/.07/6,5R/5/.15/1,7R/2/.18/5 12R/5/.11/3,5R/5/.08/3,,,愛知,愛知,40,12:57,ＢＯＡＴＲＡＣＥ振興会会長杯競走,特賞,４日目
鳴門,14,20260930,10R,2,3933,B1,山地　　正樹,0,0,0.17,6.13,46.28,65.29,5.05,32.43,48.65,22,33.00,54.00,14,40.96,51.81,4R/4/.14/2 10R/2/.12/3,2R/1/.21/2,8R/3/.16/4 12R/3/.13/2,,,,岡山,岡山,50,12:57,ＢＯＡＴＲＡＣＥ振興会会長杯競走,特賞,４日目
鳴門,14,20260930,10R,3,5271,B1,杉山　　太陽,0,0,0.19,4.07,18.27,35.58,3.21,8.33,25.00,38,37.93,58.62,25,19.54,42.53,7R/6/.11/4,1R/2/.03/1 11R/5/.07/6,8R/5/.08/3,6R/1/.11/6,,,福岡,福岡,25,12:57,ＢＯＡＴＲＡＣＥ振興会会長杯競走,特賞,４日目
鳴門,14,20260930,10R,4,3499,A1,市川　　哲也,1,0,0.15,5.49,34.38,56.25,6.09,36.36,63.64,83,25.00,35.23,22,24.42,38.37,7R/5/.08/2 12R/1/.07/2,10R/2/.19/2,4R/4/.13/4 11R/4/.12/1,1R/1/.09/1,,,広島,広島,57,12:57,ＢＯＡＴＲＡＣＥ振興会会長杯競走,特賞,４日目
鳴門,14,20260930,10R,5,4596,A2,葛原　　大陽,1,0,0.15,6.07,39.34,63.93,6.27,46.06,63.64,53,32.05,43.59,70,36.36,50.00,3R/1/.14/1 11R/5/.19/3,8R/3/.14/2,7R/4/.18/4 11R/2/.15/5,2R/2/.17/2,,,徳島,徳島,43,12:57,ＢＯＡＴＲＡＣＥ振興会会長杯競走,特賞,４日目
鳴門,14,20260930,10R,6,4031,B1,飯島　　　誠,0,0,0.17,4.71,26.80,43.30,3.83,17.24,34.48,78,35.23,53.41,83,33.33,45.98,3R/4/.14/2 10R/6/.09/6,4R/2/.18/5,6R/1/.22/4,4R/2/.17/4,,,埼玉,埼玉,48,12:57,ＢＯＡＴＲＡＣＥ振興会会長杯競走,特賞,４日目
鳴門,14,20260930,11R,1,3618,A1,海野　ゆかり,0,0,0.19,6.42,48.87,63.16,5.75,25.00,57.14,58,35.23,47.73,24,28.57,48.81,5R/1/.20/4 12R/5/.04/4,2R/2/.25/4 7R/4/.02/2,9R/2/.13/3,3R/4/.11/2,,,広島,広島,52,13:34,ＢＯＡＴＲＡＣＥ振興会会長杯競走,特選,４日目
鳴門,14,20260930,11R,2,4420,A2,津久井　拓也,0,0,0.16,5.66,38.24,54.41,5.74,37.14,62.86,69,26.74,46.51,16,37.93,58.62,3R/3/.18/4,5R/1/.26/6 12R/3/.18/5,2R/5/.13/2 10R/2/.25/5,7R/6/.13/5,,,群馬,栃木,38,13:34,ＢＯＡＴＲＡＣＥ振興会会長杯競走,特選,４日目
鳴門,14,20260930,11R,3,3477,B1,近藤　　稔也,0,0,0.19,3.88,14.77,31.82,4.70,26.95,44.68,37,50.56,60.67,62,31.76,45.88,1R/2/.21/5 9R/5/.15/2,7R/1/.19/5,5R/4/.14/5,2R/5/.16/5,,,徳島,徳島,56,13:34,ＢＯＡＴＲＡＣＥ振興会会長杯競走,特選,４日目
鳴門,14,20260930,11R,4,3874,A2,山本　　寛久,0,0,0.17,7.03,50.43,73.50,5.95,45.00,60.00,13,30.49,60.98,23,30.68,46.59,11R/1/.09/1,7R/5/.07/1,2R/6/.12/4 12R/2/.17/5,6R/2/.19/3,,,岡山,岡山,50,13:34,ＢＯＡＴＲＡＣＥ振興会会長杯競走,特選,４日目
鳴門,14,20260930,11R,5,3412,A1,鈴木　　　博,0,0,0.16,6.32,47.73,65.15,6.92,60.00,72.00,19,34.83,52.81,68,24.72,40.45,2R/4/.14/5 12R/2/.11/5,6R/5/.17/4 12R/1/.23/2,9R/3/.10/4,4R/1/.18/5,,,埼玉,埼玉,57,13:34,ＢＯＡＴＲＡＣＥ振興会会長杯競走,特選,４日目
鳴門,14,20260930,11R,6,3915,A2,繁野谷　圭介,0,0,0.19,6.31,45.90,64.75,5.14,28.57,42.86,70,37.35,51.81,33,47.67,61.63,3R/2/.17/5 8R/5/.25/2,7R/3/.12/3 11R/4/.12/4,1R/1/.23/1,5R/3/.12/2,,,大阪,大阪,52,13:34,ＢＯＡＴＲＡＣＥ振興会会長杯競走,特選,４日目
鳴門,14,20260930,12R,1,4506,A1,稗田　　聖也,0,0,0.14,6.28,47.41,64.66,6.83,53.33,73.33,25,32.29,51.04,27,37.35,51.81,6R/3/.09/1 12R/4/.05/1,4R/1/.12/2 8R/5/.14/3,8R/2/.14/5,8R/5/.10/4,,,福岡,福岡,38,14:10,ＢＯＡＴＲＡＣＥ振興会会長杯競走,特選,４日目
鳴門,14,20260930,12R,2,4148,A2,枝尾　　　賢,0,0,0.14,6.25,43.44,63.11,7.50,57.14,85.71,17,25.56,47.78,74,40.00,60.00,10R/4/.08/2,6R/4/.11/3 11R/1/.12/1,4R/3/.12/5 9R/4/.09/2,6R/5/.14/2,,,福岡,福岡,44,14:10,ＢＯＡＴＲＡＣＥ振興会会長杯競走,特選,４日目
鳴門,14,20260930,12R,3,4286,A2,平田　さやか,0,0,0.15,5.99,41.61,63.76,5.13,30.43,47.83,68,31.76,44.71,32,36.47,61.18,5R/4/.10/2,8R/2/.16/1 12R/4/.21/4,6R/3/.21/2 11R/6/.13/4,3R/1/.15/5,,,東京,東京,42,14:10,ＢＯＡＴＲＡＣＥ振興会会長杯競走,特選,４日目
鳴門,14,20260930,12R,4,4895,A2,門間　　雄大,1,0,0.15,4.94,24.04,50.00,5.40,20.00,70.00,34,30.11,41.94,60,34.88,58.14,6R/5/.12/4 10R/1/.10/1,11R/6/.09/5,5R/3/.18/2 10R/4/.12/2,7R/2/.14/4,,,東京,北海道,35,14:10,ＢＯＡＴＲＡＣＥ振興会会長杯競走,特選,４日目
鳴門,14,20260930,12R,5,3872,A2,岡田　　憲行,0,0,0.18,5.60,33.94,54.13,5.68,42.50,57.50,21,27.16,48.15,69,27.27,47.73,6R/2/.16/2 11R/6/.17/6,3R/3/.04/2 9R/4/.27/5,4R/1/.13/1,5R/2/.09/1,,,大阪,大阪,50,14:10,ＢＯＡＴＲＡＣＥ振興会会長杯競走,特選,４日目
鳴門,14,20260930,12R,6,4092,B1,岡部　　大輔,0,0,0.16,4.88,27.78,44.44,5.00,25.00,37.50,18,34.74,51.58,78,33.68,45.26,10R/5/.08/4,2R/5/.18/3 8R/1/.10/4,3R/2/.17/5,1R/3/.11/2,,,佐賀,佐賀,45,14:10,ＢＯＡＴＲＡＣＥ振興会会長杯競走,特選,４日目
丸亀,15,20260930,1R,1,5262,B1,鈴木　　章司,1,0,0.19,4.07,18.31,32.39,3.14,7.14,28.57,57,0.00,0.00,40,28.95,52.63,6R/2/.18/3,2R/5/.17/3 9R/5/.21/4,6R/4/.16/2,3R/1/.21/3 10R/3/.17/5,,,愛知,愛知,28,15:17,四国新聞社杯,一般,５日目
丸亀,15,20260930,1R,2,4672,B1,守屋　　大地,0,0,0.18,4.41,27.62,40.95,4.37,21.05,47.37,38,66.67,77.78,62,37.21,46.51,5R/6/.17/6,3R/4/.04/1 7R/2/.27/3,3R/5/.16/6 10R/3/.10/3,2R/1/.17/1 7R/3/.12/2,,,岡山,岡山,40,15:17,四国新聞社杯,一般,５日目
丸亀,15,20260930,1R,3,4821,B1,妻鳥　　晋也,0,0,0.19,5.03,29.59,48.98,5.00,30.00,45.45,25,0.00,0.00,21,27.91,39.53,2R/4/.09/1 11R/5/.22/5,1R/1/.11/1,5R/3/.25/2 10R/6/.11/4,6R/2/.24/4,,,香川,愛媛,34,15:17,四国新聞社杯,一般,５日目
丸亀,15,20260930,1R,4,3869,B1,井芹　　大志,0,0,0.18,4.30,23.38,37.66,4.57,14.29,42.86,40,22.22,44.44,52,45.45,63.64,1R/5/.06/4 7R/4/.20/6,2R/2/.20/4,2R/1/.18/2 8R/5/.19/5,9R/3/.14/5,,,福岡,熊本,51,15:17,四国新聞社杯,一般,５日目
丸亀,15,20260930,1R,5,5231,B1,寺田　　空詩,1,0,0.17,6.31,44.71,67.06,4.33,33.33,33.33,29,0.00,0.00,44,33.33,41.03,2R/1/.17/2 9R/4/.17/4,3R/3/.09/4,4R/6/.25/5,3R/4/.19/5 12R/2/.25/2,,,山口,山口,22,15:17,四国新聞社杯,一般,５日目
丸亀,15,20260930,1R,6,5471,B2,田中　　　結,0,0,,1.54,0.00,1.39,0.00,0.00,0.00,9,0.00,28.57,3,39.02,53.66,1R/6/.01/6 8R/6/.13/6,4R/6/.17/6,1R/6/.07/6 7R/6/.11/4,9R/6/.03/6,,,大阪,大阪,17,15:17,四国新聞社杯,一般,５日目
丸亀,15,20260930,2R,1,5098,B1,大江　　　純,1,0,0.15,5.08,33.33,53.54,4.88,34.62,38.46,64,0.00,0.00,2,60.98,75.61,5R/1/.12/2,1R/2/.06/2 10R/5/.21/4,4R/3/.16/6 11R/5/.17/5,7R/5/.17/3,,,愛知,愛知,30,15:40,四国新聞社杯,一般,５日目
丸亀,15,20260930,2R,2,3305,B1,小野　　信樹,0,0,0.17,3.50,13.64,25.00,4.13,20.83,25.00,31,0.00,0.00,55,30.77,38.46,3R/6/.11/5 8R/3/.13/5,6R/2/.16/4,1R/1/.14/1 6R/5/.15/5,6R/4/.15/1,,,岡山,岡山,58,15:40,四国新聞社杯,一般,５日目
丸亀,15,20260930,2R,3,4925,A2,森　　　悠稀,0,0,0.16,6.05,40.18,63.39,5.54,36.96,52.17,44,12.50,12.50,43,34.09,45.45,10R/1/.14/1,3R/6/.07/5 12R/5/.19/2,7R/2/.09/3,5R/3/.25/5 10R/4/.13/2,,,兵庫,兵庫,33,15:40,四国新聞社杯,一般,５日目
丸亀,15,20260930,2R,4,5359,B1,佐藤　　世那,1,0,0.17,4.60,31.17,44.16,4.90,35.00,40.00,6,25.00,37.50,54,45.45,56.82,2R/2/.17/4 7R/6/.24/5,6R/5/.17/1,3R/1/.17/1 8R/3/.12/4,5R/4/.07/1,,,東京,宮城,20,15:40,四国新聞社杯,一般,５日目
丸亀,15,20260930,2R,5,4064,A1,原田　　篤志,0,0,0.17,6.45,47.71,66.67,6.77,40.00,80.00,60,0.00,0.00,25,38.10,45.24,7R/3/.12/2 12R/1/.23/5,7R/6/.23/2 12R/2/.15/4,4R/4/.13/1 9R/3/.04/2,8R/1/.06/1,,,山口,山口,46,15:40,四国新聞社杯,一般,５日目
丸亀,15,20260930,2R,6,5464,B2,宮田　　　栞,0,0,,1.25,0.00,0.00,0.00,0.00,0.00,36,22.22,66.67,28,25.00,42.50,9R/6/.18/6,1R/6/.17/6 6R/6/.22/6,2R/6/.33/4,1R/6/.16/4 8R/6/.26/6,,,福岡,福岡,19,15:40,四国新聞社杯,一般,５日目
丸亀,15,20260930,3R,1,5207,B1,高山　　敬悟,1,0,0.16,5.19,35.23,46.59,4.78,38.89,44.44,39,40.00,60.00,60,24.14,31.03,4R/2/.15/4 8R/5/.17/3,5R/1/.06/1,1R/4/.24/4 9R/6/.16/6,4R/3/.11/3,,,福岡,福岡,29,16:06,四国新聞社杯,一般,５日目
丸亀,15,20260930,3R,2,5177,B1,松井　　貫太,0,0,0.20,4.49,20.83,38.33,3.22,0.00,11.11,35,25.00,50.00,48,44.44,58.33,3R/3/.16/4,3R/1/.14/2 8R/5/.18/4,3R/6/.25/5,1R/4/.14/3 5R/2/.31/4,,,福岡,福岡,30,16:06,四国新聞社杯,一般,５日目
丸亀,15,20260930,3R,3,3775,B1,泉　　　啓文,0,0,0.18,3.85,20.75,28.30,5.82,47.06,64.71,24,0.00,0.00,33,26.67,44.44,1R/3/.06/3,4R/5/.14/3 10R/6/.23/6,4R/1/.20/3,1R/2/.17/1 9R/4/.15/1,,,岡山,岡山,52,16:06,四国新聞社杯,一般,５日目
丸亀,15,20260930,3R,4,4053,A2,芦澤　　　望,1,0,0.16,5.36,33.70,56.52,6.73,55.10,67.35,28,0.00,0.00,57,25.00,56.82,5R/3/.11/1 11R/6/.18/4,8R/2/.05/2,6R/1/.12/1 10R/4/.10/5,5R/5/.05/2 11R/3/.20/5,,,東京,千葉,48,16:06,四国新聞社杯,一般,５日目
丸亀,15,20260930,3R,5,4281,B1,大澤　　大夢,0,0,0.17,5.14,28.85,50.00,6.00,41.67,66.67,34,25.00,37.50,38,34.15,56.10,7R/1/.09/1,2R/3/.16/1 11R/6/.27/6,4R/2/.21/2,2R/4/.13/2 8R/5/.14/2,,,埼玉,埼玉,42,16:06,四国新聞社杯,一般,５日目
丸亀,15,20260930,3R,6,4514,A1,上條　　嘉嗣,0,0,0.19,6.41,53.15,66.43,7.03,62.07,75.86,65,0.00,0.00,14,42.86,59.52,5R/4/.16/3 12R/3/.16/3,9R/2/.17/1,8R/1/.10/1 12R/2/.11/1,2R/5/.15/3 11R/1/.26/1,,,大阪,大阪,36,16:06,四国新聞社杯,一般,５日目
丸亀,15,20260930,4R,1,5354,B1,渡邊　　雄斗,0,0,0.19,4.49,24.49,44.90,0.00,0.00,0.00,58,0.00,0.00,51,32.56,53.49,1R/4/.05/2 5R/5/.12/5,5R/2/.12/2,1R/3/.11/3 8R/6/.14/2,5R/1/.25/6,,,三重,宮崎,21,16:34,四国新聞社杯,一般,５日目
丸亀,15,20260930,4R,2,4260,B1,中越　　博紀,0,0,0.19,5.78,44.88,54.33,5.39,35.65,49.57,8,50.00,62.50,30,21.05,36.84,1R/1/.07/1,3R/2/.13/6 9R/3/.15/5,2R/4/.13/1 12R/4/.17/3,8R/3/.16/5,,,香川,愛媛,42,16:34,四国新聞社杯,一般,５日目
丸亀,15,20260930,4R,3,4754,A2,松尾　　　充,0,0,0.15,6.43,44.37,65.49,5.33,25.93,48.15,63,0.00,0.00,11,27.78,44.44,7R/5/.19/3 11R/2/.19/2,8R/4/.14/3,3R/4/.15/4 12R/5/.13/4,6R/1/.16/3 11R/4/.24/6,,,三重,三重,38,16:34,四国新聞社杯,一般,５日目
丸亀,15,20260930,4R,4,4630,A2,岩永　　雅人,0,0,0.19,5.29,33.73,51.81,6.31,35.90,66.67,27,0.00,0.00,12,21.21,27.27,7R/2/.09/4,7R/1/.26/1 11R/3/.22/3,8R/4/.06/3,4R/5/.05/1 10R/5/.18/4,,,愛知,愛知,39,16:34,四国新聞社杯,一般,５日目
丸亀,15,20260930,4R,5,5418,B2,堀内　　亜海,1,0,0.20,1.05,0.00,0.00,1.00,0.00,0.00,10,16.67,33.33,23,28.57,42.86,6R/6/.15/6,2R/6/.17/6 8R/6/.15/6,5R/6/.23/6,2R/6/.15/6 12R/4/.17/5,,,大阪,大阪,20,16:34,四国新聞社杯,一般,５日目
丸亀,15,20260930,4R,6,4095,A1,福来　　　剛,2,0,0.13,6.98,55.93,72.03,7.30,50.00,70.00,7,11.11,22.22,22,25.00,40.00,8R/1/.08/1 12R/4/.13/6,10R/3/.16/3,5R/2/.21/1 11R/1/.18/1,3R/5/.17/1 11R/5/.26/2,,,東京,東京,45,16:34,四国新聞社杯,一般,５日目
丸亀,15,20260930,5R,1,3484,A2,芝田　　浩治,0,0,0.17,5.99,46.02,62.83,6.17,47.83,65.22,1,44.44,55.56,39,28.26,65.22,3R/5/.11/3 11R/4/.28/6,6R/3/.14/5 10R/1/.13/1,9R/2/.05/1,4R/6/.09/5 11R/2/.22/4,,,兵庫,兵庫,54,17:01,四国新聞社杯,一般,５日目
丸亀,15,20260930,5R,2,3161,B1,古場　　輝義,0,0,0.19,4.91,26.25,47.50,4.75,21.43,50.00,32,0.00,0.00,41,43.18,68.18,4R/1/.11/2,1R/4/.12/3 7R/3/.33/4,3R/3/.13/2 9R/4/.05/5,3R/2/.23/2,,,大阪,長崎,66,17:01,四国新聞社杯,一般,５日目
丸亀,15,20260930,5R,3,3869,B1,井芹　　大志,0,0,0.18,4.30,23.38,37.66,4.57,14.29,42.86,40,22.22,44.44,52,45.45,63.64,1R/5/.06/4 7R/4/.20/6,2R/2/.20/4,2R/1/.18/2 8R/5/.19/5,9R/3/.14/5,,,福岡,熊本,51,17:01,四国新聞社杯,一般,５日目
丸亀,15,20260930,5R,4,5346,B1,中村　紋夕梨,0,0,0.22,3.27,7.32,20.73,2.00,0.00,0.00,33,0.00,0.00,66,45.00,62.50,4R/4/.18/6 9R/5/.19/5,4R/1/.08/5,2R/2/.19/6,7R/6/.18/6 12R/3/.17/4,,,愛知,愛知,23,17:01,四国新聞社杯,一般,５日目
丸亀,15,20260930,5R,5,3898,A1,平田　　忠則,0,0,0.17,7.72,65.94,82.61,7.79,65.52,86.21,5,33.33,55.56,8,30.23,41.86,6R/3/.17/1 12R/2/.19/2,6R/4/.16/3 12R/1/.11/1,10R/5/.08/6,6R/3/.26/2 10R/1/.13/1,,,福岡,福岡,49,17:01,四国新聞社杯,一般,５日目
丸亀,15,20260930,5R,6,4823,A2,中村　　桃佳,1,0,0.13,6.76,52.34,68.22,6.51,51.02,67.35,3,0.00,25.00,63,27.03,54.05,9R/1/.11/2,2R/4/.11/2 12R/3/.17/3,3R/2/.11/3 11R/4/.09/2,8R/4/.08/3 12R/1/.19/1,,,香川,香川,33,17:01,四国新聞社杯,一般,５日目
丸亀,15,20260930,6R,1,5026,A1,安河内　　健,0,0,0.16,6.42,48.84,65.12,6.70,45.00,72.50,11,44.44,66.67,24,52.27,68.18,2R/5/.09/3 12R/6/.09/4,5R/4/.13/3 10R/2/.15/2,7R/3/.10/2 12R/1/.12/2,10R/2/.16/3,,,佐賀,佐賀,31,17:29,四国新聞社杯,一般,５日目
丸亀,15,20260930,6R,2,3977,B1,山本　　兼士,0,0,0.18,4.40,16.81,39.82,5.20,30.00,40.00,30,0.00,0.00,49,33.33,38.10,2R/3/.11/6 10R/5/.06/6,4R/4/.14/4,1R/2/.12/2 5R/5/.21/5,4R/1/.01/4,,,大阪,大阪,49,17:29,四国新聞社杯,一般,５日目
丸亀,15,20260930,6R,3,5010,A2,宇留田　翔平,1,0,0.14,5.68,39.32,61.54,6.00,0.00,100.00,26,0.00,0.00,56,37.21,51.16,8R/4/.17/4,4R/2/.06/2 12R/6/.18/5,4R/5/.18/4 10R/1/.13/1,3R/3/.23/6 7R/4/.14/4,,,三重,三重,29,17:29,四国新聞社杯,一般,５日目
丸亀,15,20260930,6R,4,5333,B2,山下　　智己,0,0,0.20,3.68,16.44,28.77,1.60,0.00,0.00,45,37.50,37.50,31,52.50,70.00,4R/5/.14/5,2R/1/.23/5 7R/4/.26/6,1R/5/.14/5,1R/3/.19/5 7R/2/.16/5,,,兵庫,兵庫,22,17:29,四国新聞社杯,一般,５日目
丸亀,15,20260930,6R,5,5471,B2,田中　　　結,0,0,,1.54,0.00,1.39,0.00,0.00,0.00,9,0.00,28.57,3,39.02,53.66,1R/6/.01/6 8R/6/.13/6,4R/6/.17/6,1R/6/.07/6 7R/6/.11/4,9R/6/.03/6,,,大阪,大阪,17,17:29,四国新聞社杯,一般,５日目
丸亀,15,20260930,6R,6,4715,A1,村上　　　遼,0,0,0.15,6.72,45.88,62.35,5.80,35.00,60.00,23,0.00,0.00,9,31.71,51.22,3R/4/.07/1 12R/5/.11/1,4R/3/.07/1 11R/1/.18/2,10R/2/.10/2,5R/6/.04/3 9R/2/.12/3,,,長崎,長崎,34,17:29,四国新聞社杯,一般,５日目
丸亀,15,20260930,7R,1,4191,A1,赤羽　　克也,0,0,0.16,6.59,50.00,70.00,5.41,37.50,43.75,61,0.00,0.00,58,35.29,52.94,10R/3/.08/4,8R/1/.06/1 12R/4/.16/6,6R/6/.19/3 11R/2/.09/3,4R/2/.05/2 9R/5/.14/4,,,埼玉,埼玉,45,17:59,四国新聞社杯,一般,５日目
丸亀,15,20260930,7R,2,4300,B1,加藤　　　綾,0,0,0.18,5.27,37.27,54.55,4.60,26.67,33.33,37,25.00,50.00,27,50.00,66.67,9R/2/.18/3,1R/3/.12/4 9R/4/.19/6,7R/1/.05/1,6R/5/.17/6 12R/5/.21/3,,,三重,三重,43,17:59,四国新聞社杯,一般,５日目
丸亀,15,20260930,7R,3,5231,B1,寺田　　空詩,1,0,0.17,6.31,44.71,67.06,4.33,33.33,33.33,29,0.00,0.00,44,33.33,41.03,2R/1/.17/2 9R/4/.17/4,3R/3/.09/4,4R/6/.25/5,3R/4/.19/5 12R/2/.25/2,,,山口,山口,22,17:59,四国新聞社杯,一般,５日目
丸亀,15,20260930,7R,4,5098,B1,大江　　　純,1,0,0.15,5.08,33.33,53.54,4.88,34.62,38.46,64,0.00,0.00,2,60.98,75.61,5R/1/.12/2,1R/2/.06/2 10R/5/.21/4,4R/3/.16/6 11R/5/.17/5,7R/5/.17/3,,,愛知,愛知,30,17:59,四国新聞社杯,一般,５日目
丸亀,15,20260930,7R,5,4193,A2,郷原　　章平,0,0,0.15,6.15,44.85,61.03,4.82,27.27,45.45,4,44.44,88.89,37,38.10,61.90,2R/6/.14/5 8R/2/.09/2,7R/5/.21/5,5R/4/.24/3 12R/3/.12/5,2R/2/.14/4 9R/1/.16/2,,,福岡,福岡,45,17:59,四国新聞社杯,一般,５日目
丸亀,15,20260930,7R,6,4545,A1,岡村　　慶太,0,0,0.15,7.07,58.20,72.95,7.09,63.64,72.73,47,25.00,37.50,16,23.81,42.86,4R/3/.12/1 11R/1/.16/1,3R/5/.05/3 11R/2/.22/1,9R/5/.05/3,7R/1/.11/1 11R/6/.23/3,,,福岡,福岡,38,17:59,四国新聞社杯,一般,５日目
丸亀,15,20260930,8R,1,4095,A1,福来　　　剛,2,0,0.13,6.98,55.93,72.03,7.30,50.00,70.00,7,11.11,22.22,22,25.00,40.00,8R/1/.08/1 12R/4/.13/6,10R/3/.16/3,5R/2/.21/1 11R/1/.18/1,3R/5/.17/1 11R/5/.26/2,,,東京,東京,45,18:26,四国新聞社杯,準優進出戦,５日目
丸亀,15,20260930,8R,2,4281,B1,大澤　　大夢,0,0,0.17,5.14,28.85,50.00,6.00,41.67,66.67,34,25.00,37.50,38,34.15,56.10,7R/1/.09/1,2R/3/.16/1 11R/6/.27/6,4R/2/.21/2,2R/4/.13/2 8R/5/.14/2,,,埼玉,埼玉,42,18:26,四国新聞社杯,準優進出戦,５日目
丸亀,15,20260930,8R,3,4053,A2,芦澤　　　望,1,0,0.16,5.36,33.70,56.52,6.73,55.10,67.35,28,0.00,0.00,57,25.00,56.82,5R/3/.11/1 11R/6/.18/4,8R/2/.05/2,6R/1/.12/1 10R/4/.10/5,5R/5/.05/2 11R/3/.20/5,,,東京,千葉,48,18:26,四国新聞社杯,準優進出戦,５日目
丸亀,15,20260930,8R,4,4925,A2,森　　　悠稀,0,0,0.16,6.05,40.18,63.39,5.54,36.96,52.17,44,12.50,12.50,43,34.09,45.45,10R/1/.14/1,3R/6/.07/5 12R/5/.19/2,7R/2/.09/3,5R/3/.25/5 10R/4/.13/2,,,兵庫,兵庫,33,18:26,四国新聞社杯,準優進出戦,５日目
丸亀,15,20260930,8R,5,4672,B1,守屋　　大地,0,0,0.18,4.41,27.62,40.95,4.37,21.05,47.37,38,66.67,77.78,62,37.21,46.51,5R/6/.17/6,3R/4/.04/1 7R/2/.27/3,3R/5/.16/6 10R/3/.10/3,2R/1/.17/1 7R/3/.12/2,,,岡山,岡山,40,18:26,四国新聞社杯,準優進出戦,５日目
丸亀,15,20260930,8R,6,5262,B1,鈴木　　章司,1,0,0.19,4.07,18.31,32.39,3.14,7.14,28.57,57,0.00,0.00,40,28.95,52.63,6R/2/.18/3,2R/5/.17/3 9R/5/.21/4,6R/4/.16/2,3R/1/.21/3 10R/3/.17/5,,,愛知,愛知,28,18:26,四国新聞社杯,準優進出戦,５日目
丸亀,15,20260930,9R,1,4514,A1,上條　　嘉嗣,0,0,0.19,6.41,53.15,66.43,7.03,62.07,75.86,65,0.00,0.00,14,42.86,59.52,5R/4/.16/3 12R/3/.16/3,9R/2/.17/1,8R/1/.10/1 12R/2/.11/1,2R/5/.15/3 11R/1/.26/1,,,大阪,大阪,36,18:55,四国新聞社杯,準優進出戦,５日目
丸亀,15,20260930,9R,2,3898,A1,平田　　忠則,0,0,0.17,7.72,65.94,82.61,7.79,65.52,86.21,5,33.33,55.56,8,30.23,41.86,6R/3/.17/1 12R/2/.19/2,6R/4/.16/3 12R/1/.11/1,10R/5/.08/6,6R/3/.26/2 10R/1/.13/1,,,福岡,福岡,49,18:55,四国新聞社杯,準優進出戦,５日目
丸亀,15,20260930,9R,3,5359,B1,佐藤　　世那,1,0,0.17,4.60,31.17,44.16,4.90,35.00,40.00,6,25.00,37.50,54,45.45,56.82,2R/2/.17/4 7R/6/.24/5,6R/5/.17/1,3R/1/.17/1 8R/3/.12/4,5R/4/.07/1,,,東京,宮城,20,18:55,四国新聞社杯,準優進出戦,５日目
丸亀,15,20260930,9R,4,4821,B1,妻鳥　　晋也,0,0,0.19,5.03,29.59,48.98,5.00,30.00,45.45,25,0.00,0.00,21,27.91,39.53,2R/4/.09/1 11R/5/.22/5,1R/1/.11/1,5R/3/.25/2 10R/6/.11/4,6R/2/.24/4,,,香川,愛媛,34,18:55,四国新聞社杯,準優進出戦,５日目
丸亀,15,20260930,9R,5,4260,B1,中越　　博紀,0,0,0.19,5.78,44.88,54.33,5.39,35.65,49.57,8,50.00,62.50,30,21.05,36.84,1R/1/.07/1,3R/2/.13/6 9R/3/.15/5,2R/4/.13/1 12R/4/.17/3,8R/3/.16/5,,,香川,愛媛,42,18:55,四国新聞社杯,準優進出戦,５日目
丸亀,15,20260930,9R,6,3484,A2,芝田　　浩治,0,0,0.17,5.99,46.02,62.83,6.17,47.83,65.22,1,44.44,55.56,39,28.26,65.22,3R/5/.11/3 11R/4/.28/6,6R/3/.14/5 10R/1/.13/1,9R/2/.05/1,4R/6/.09/5 11R/2/.22/4,,,兵庫,兵庫,54,18:55,四国新聞社杯,準優進出戦,５日目
丸亀,15,20260930,10R,1,4715,A1,村上　　　遼,0,0,0.15,6.72,45.88,62.35,5.80,35.00,60.00,23,0.00,0.00,9,31.71,51.22,3R/4/.07/1 12R/5/.11/1,4R/3/.07/1 11R/1/.18/2,10R/2/.10/2,5R/6/.04/3 9R/2/.12/3,,,長崎,長崎,34,19:38,四国新聞社杯,準優進出戦,５日目
丸亀,15,20260930,10R,2,4064,A1,原田　　篤志,0,0,0.17,6.45,47.71,66.67,6.77,40.00,80.00,60,0.00,0.00,25,38.10,45.24,7R/3/.12/2 12R/1/.23/5,7R/6/.23/2 12R/2/.15/4,4R/4/.13/1 9R/3/.04/2,8R/1/.06/1,,,山口,山口,46,19:38,四国新聞社杯,準優進出戦,５日目
丸亀,15,20260930,10R,3,4630,A2,岩永　　雅人,0,0,0.19,5.29,33.73,51.81,6.31,35.90,66.67,27,0.00,0.00,12,21.21,27.27,7R/2/.09/4,7R/1/.26/1 11R/3/.22/3,8R/4/.06/3,4R/5/.05/1 10R/5/.18/4,,,愛知,愛知,39,19:38,四国新聞社杯,準優進出戦,５日目
丸亀,15,20260930,10R,4,3775,B1,泉　　　啓文,0,0,0.18,3.85,20.75,28.30,5.82,47.06,64.71,24,0.00,0.00,33,26.67,44.44,1R/3/.06/3,4R/5/.14/3 10R/6/.23/6,4R/1/.20/3,1R/2/.17/1 9R/4/.15/1,,,岡山,岡山,52,19:38,四国新聞社杯,準優進出戦,５日目
丸亀,15,20260930,10R,5,3161,B1,古場　　輝義,0,0,0.19,4.91,26.25,47.50,4.75,21.43,50.00,32,0.00,0.00,41,43.18,68.18,4R/1/.11/2,1R/4/.12/3 7R/3/.33/4,3R/3/.13/2 9R/4/.05/5,3R/2/.23/2,,,大阪,長崎,66,19:38,四国新聞社杯,準優進出戦,５日目
丸亀,15,20260930,10R,6,5354,B1,渡邊　　雄斗,0,0,0.19,4.49,24.49,44.90,0.00,0.00,0.00,58,0.00,0.00,51,32.56,53.49,1R/4/.05/2 5R/5/.12/5,5R/2/.12/2,1R/3/.11/3 8R/6/.14/2,5R/1/.25/6,,,三重,宮崎,21,19:38,四国新聞社杯,準優進出戦,５日目
丸亀,15,20260930,11R,1,4545,A1,岡村　　慶太,0,0,0.15,7.07,58.20,72.95,7.09,63.64,72.73,47,25.00,37.50,16,23.81,42.86,4R/3/.12/1 11R/1/.16/1,3R/5/.05/3 11R/2/.22/1,9R/5/.05/3,7R/1/.11/1 11R/6/.23/3,,,福岡,福岡,38,20:06,四国新聞社杯,準優進出戦,５日目
丸亀,15,20260930,11R,2,4823,A2,中村　　桃佳,1,0,0.13,6.76,52.34,68.22,6.51,51.02,67.35,3,0.00,25.00,63,27.03,54.05,9R/1/.11/2,2R/4/.11/2 12R/3/.17/3,3R/2/.11/3 11R/4/.09/2,8R/4/.08/3 12R/1/.19/1,,,香川,香川,33,20:06,四国新聞社杯,準優進出戦,５日目
丸亀,15,20260930,11R,3,5026,A1,安河内　　健,0,0,0.16,6.42,48.84,65.12,6.70,45.00,72.50,11,44.44,66.67,24,52.27,68.18,2R/5/.09/3 12R/6/.09/4,5R/4/.13/3 10R/2/.15/2,7R/3/.10/2 12R/1/.12/2,10R/2/.16/3,,,佐賀,佐賀,31,20:06,四国新聞社杯,準優進出戦,５日目
丸亀,15,20260930,11R,4,4754,A2,松尾　　　充,0,0,0.15,6.43,44.37,65.49,5.33,25.93,48.15,63,0.00,0.00,11,27.78,44.44,7R/5/.19/3 11R/2/.19/2,8R/4/.14/3,3R/4/.15/4 12R/5/.13/4,6R/1/.16/3 11R/4/.24/6,,,三重,三重,38,20:06,四国新聞社杯,準優進出戦,５日目
丸亀,15,20260930,11R,5,4191,A1,赤羽　　克也,0,0,0.16,6.59,50.00,70.00,5.41,37.50,43.75,61,0.00,0.00,58,35.29,52.94,10R/3/.08/4,8R/1/.06/1 12R/4/.16/6,6R/6/.19/3 11R/2/.09/3,4R/2/.05/2 9R/5/.14/4,,,埼玉,埼玉,45,20:06,四国新聞社杯,準優進出戦,５日目
丸亀,15,20260930,11R,6,5207,B1,高山　　敬悟,1,0,0.16,5.19,35.23,46.59,4.78,38.89,44.44,39,40.00,60.00,60,24.14,31.03,4R/2/.15/4 8R/5/.17/3,5R/1/.06/1,1R/4/.24/4 9R/6/.16/6,4R/3/.11/3,,,福岡,福岡,29,20:06,四国新聞社杯,準優進出戦,５日目
丸亀,15,20260930,12R,1,5010,A2,宇留田　翔平,1,0,0.14,5.68,39.32,61.54,6.00,0.00,100.00,26,0.00,0.00,56,37.21,51.16,8R/4/.17/4,4R/2/.06/2 12R/6/.18/5,4R/5/.18/4 10R/1/.13/1,3R/3/.23/6 7R/4/.14/4,,,三重,三重,29,20:36,四国新聞社杯,一般,５日目
丸亀,15,20260930,12R,2,4193,A2,郷原　　章平,0,0,0.15,6.15,44.85,61.03,4.82,27.27,45.45,4,44.44,88.89,37,38.10,61.90,2R/6/.14/5 8R/2/.09/2,7R/5/.21/5,5R/4/.24/3 12R/3/.12/5,2R/2/.14/4 9R/1/.16/2,,,福岡,福岡,45,20:36,四国新聞社杯,一般,５日目
丸亀,15,20260930,12R,3,3977,B1,山本　　兼士,0,0,0.18,4.40,16.81,39.82,5.20,30.00,40.00,30,0.00,0.00,49,33.33,38.10,2R/3/.11/6 10R/5/.06/6,4R/4/.14/4,1R/2/.12/2 5R/5/.21/5,4R/1/.01/4,,,大阪,大阪,49,20:36,四国新聞社杯,一般,５日目
丸亀,15,20260930,12R,4,4300,B1,加藤　　　綾,0,0,0.18,5.27,37.27,54.55,4.60,26.67,33.33,37,25.00,50.00,27,50.00,66.67,9R/2/.18/3,1R/3/.12/4 9R/4/.19/6,7R/1/.05/1,6R/5/.17/6 12R/5/.21/3,,,三重,三重,43,20:36,四国新聞社杯,一般,５日目
丸亀,15,20260930,12R,5,5177,B1,松井　　貫太,0,0,0.20,4.49,20.83,38.33,3.22,0.00,11.11,35,25.00,50.00,48,44.44,58.33,3R/3/.16/4,3R/1/.14/2 8R/5/.18/4,3R/6/.25/5,1R/4/.14/3 5R/2/.31/4,,,福岡,福岡,30,20:36,四国新聞社杯,一般,５日目
丸亀,15,20260930,12R,6,3305,B1,小野　　信樹,0,0,0.17,3.50,13.64,25.00,4.13,20.83,25.00,31,0.00,0.00,55,30.77,38.46,3R/6/.11/5 8R/3/.13/5,6R/2/.16/4,1R/1/.14/1 6R/5/.15/5,6R/4/.15/1,,,岡山,岡山,58,20:36,四国新聞社杯,一般,５日目
児島,16,20260930,1R,1,4762,A1,藤原　啓史朗,0,0,0.13,7.36,56.06,75.76,7.39,56.08,76.35,58,33.82,53.43,49,46.63,61.14,5R/2/.07/1,4R/5/.14/3 9R/6/.10/3,,,,,岡山,岡山,36,10:41,児島キングカップ開設７４周年記念競走,予選,３日目
児島,16,20260930,1R,2,4205,A1,山口　　　剛,0,0,0.14,7.52,49.51,66.99,7.89,77.78,77.78,32,27.83,44.81,46,30.35,51.74,4R/6/.12/4 10R/4/.14/6,12R/5/.14/3,,,,,広島,広島,44,10:41,児島キングカップ開設７４周年記念競走,予選,３日目
児島,16,20260930,1R,3,4590,A1,渡邉　　優美,1,0,0.14,6.51,42.28,60.16,7.40,60.00,80.00,16,36.12,52.42,70,31.28,51.28,9R/4/.12/3,6R/1/.01/6,,,,,福岡,福岡,34,10:41,児島キングカップ開設７４周年記念競走,予選,３日目
児島,16,20260930,1R,4,4704,A1,河野　　　大,0,0,0.14,6.33,44.59,60.81,6.03,43.55,58.06,60,43.87,60.38,48,33.66,50.00,5R/6/.03/4,6R/5/.11/4,,,,,徳島,徳島,38,10:41,児島キングカップ開設７４周年記念競走,予選,３日目
児島,16,20260930,1R,5,4528,A1,黒井　　達矢,0,0,0.17,6.52,42.27,60.82,6.00,33.33,50.00,52,27.93,44.59,42,34.01,53.81,3R/2/.11/4,2R/3/.16/4 10R/6/.05/6,,,,,埼玉,埼玉,38,10:41,児島キングカップ開設７４周年記念競走,予選,３日目
児島,16,20260930,1R,6,4482,A1,守屋　　美穂,1,0,0.17,6.09,39.18,53.61,7.22,58.68,75.21,53,33.49,49.54,60,30.43,40.76,6R/5/.13/5,5R/1/.20/6,,,,,岡山,岡山,37,10:41,児島キングカップ開設７４周年記念競走,予選,３日目
児島,16,20260930,2R,1,3822,A1,平尾　　崇典,0,0,0.15,6.45,48.67,61.06,6.87,52.50,73.33,65,34.58,52.80,31,35.03,52.28,4R/5/.11/5,1R/4/.02/1 10R/2/.16/5,,,,,岡山,岡山,53,11:10,児島キングカップ開設７４周年記念競走,予選,３日目
児島,16,20260930,2R,2,4851,A1,関　　　浩哉,0,0,0.13,7.58,48.33,65.00,6.78,55.56,55.56,23,34.27,50.70,14,35.20,56.63,6R/4/.08/2 11R/1/.16/3,12R/6/.27/5,,,,,群馬,群馬,31,11:10,児島キングカップ開設７４周年記念競走,予選,３日目
児島,16,20260930,2R,3,4324,A1,海野　康志郎,0,0,0.13,7.10,55.24,69.23,7.56,66.10,84.75,12,40.57,55.19,40,32.31,47.69,1R/2/.12/3 8R/5/.08/3,9R/1/.13/2,,,,,山口,山口,38,11:10,児島キングカップ開設７４周年記念競走,予選,３日目
児島,16,20260930,2R,4,4352,A1,下條　雄太郎,0,0,0.15,7.60,55.29,81.18,6.72,48.28,65.52,22,36.15,50.23,58,38.46,57.44,6R/3/.11/4,3R/5/.08/5,,,,,長崎,長崎,40,11:10,児島キングカップ開設７４周年記念競走,予選,３日目
児島,16,20260930,2R,5,4928,A1,栗城　　　匠,0,0,0.14,6.65,49.57,64.96,6.70,53.33,63.33,41,34.11,47.66,26,35.18,46.23,10R/2/.05/1,2R/4/.28/5 11R/6/.02/3,,,,,東京,東京,31,11:10,児島キングカップ開設７４周年記念競走,予選,３日目
児島,16,20260930,2R,6,5051,A1,松本　　純平,0,0,0.16,6.42,43.20,65.60,6.70,50.00,63.33,61,35.62,54.34,19,37.88,52.53,4R/4/.13/6,7R/1/.10/2,,,,,埼玉,兵庫,31,11:10,児島キングカップ開設７４周年記念競走,予選,３日目
児島,16,20260930,3R,1,4960,A1,黒野　　元基,0,0,0.14,7.19,55.07,71.74,6.41,44.12,70.59,39,38.07,54.13,73,34.34,58.59,1R/5/.05/4 9R/2/.16/2,5R/3/.08/1,,,,,愛知,愛知,30,11:40,児島キングカップ開設７４周年記念競走,予選,３日目
児島,16,20260930,3R,2,3744,A1,徳増　　秀樹,0,0,0.14,6.03,43.26,56.74,6.32,42.11,63.16,49,37.21,52.09,30,34.18,53.06,6R/1/.09/1,7R/5/.12/6,,,,,静岡,静岡,51,11:40,児島キングカップ開設７４周年記念競走,予選,３日目
児島,16,20260930,3R,3,4166,A1,吉田　　拡郎,0,0,0.12,7.55,56.30,71.85,7.51,64.75,78.69,21,37.79,52.07,22,32.00,50.00,12R/1/.05/1,2R/6/.15/6 8R/2/.07/5,,,,,岡山,岡山,44,11:40,児島キングカップ開設７４周年記念競走,予選,３日目
児島,16,20260930,3R,4,4468,A1,大池　　佑来,2,0,0.13,6.94,53.39,71.19,8.13,62.50,62.50,13,36.57,53.24,68,39.49,61.03,8R/3/.13/6,8R/5/.26/6,,,,,東京,神奈川,39,11:40,児島キングカップ開設７４周年記念競走,予選,３日目
児島,16,20260930,3R,5,4677,A1,片橋　　幸貴,0,0,0.15,5.99,43.55,63.71,5.92,44.74,60.53,36,35.29,61.09,27,32.14,47.45,8R/2/.06/5,3R/1/.09/2 10R/5/.03/4,,,,,滋賀,京都,38,11:40,児島キングカップ開設７４周年記念競走,予選,３日目
児島,16,20260930,3R,6,4659,A1,木下　　翔太,0,0,0.15,7.61,57.34,74.83,6.95,47.37,68.42,29,29.90,43.14,51,30.20,48.51,6R/2/.15/3,11R/4/.05/4,,,,,大阪,大阪,35,11:40,児島キングカップ開設７４周年記念競走,予選,３日目
児島,16,20260930,4R,1,4497,A1,桑原　　　悠,1,0,0.14,7.47,57.14,71.43,8.00,80.00,80.00,31,32.73,49.09,33,38.66,53.61,8R/6/.10/4,1R/2/.15/6 11R/5/.09/2,,,,,長崎,長崎,39,12:13,児島キングカップ開設７４周年記念競走,予選,３日目
児島,16,20260930,4R,2,4266,A1,長田　　頼宗,0,0,0.15,7.47,54.17,70.83,4.88,25.00,25.00,24,33.03,50.23,63,34.59,54.05,7R/1/.11/1,9R/4/.14/4,,,,,東京,神奈川,41,12:13,児島キングカップ開設７４周年記念競走,予選,３日目
児島,16,20260930,4R,3,4074,A1,柳沢　　　一,0,0,0.13,6.50,45.86,67.67,6.70,41.67,70.00,17,38.64,51.82,44,32.66,49.25,7R/4/.14/3,4R/6/.12/5,,,,,愛知,愛知,45,12:13,児島キングカップ開設７４周年記念競走,予選,３日目
児島,16,20260930,4R,4,4581,A1,吉村　　　誠,1,0,0.14,6.52,48.76,68.60,6.44,51.22,63.41,26,29.68,44.29,71,42.79,59.20,3R/3/.14/5,5R/6/.13/2,,,,,静岡,静岡,37,12:13,児島キングカップ開設７４周年記念競走,予選,３日目
児島,16,20260930,4R,5,4398,A1,船岡　洋一郎,0,0,0.14,6.44,47.76,59.70,6.07,51.22,58.54,14,28.11,47.47,45,36.63,50.00,6R/6/.10/6,1R/3/.12/4 8R/1/.02/1,,,,,広島,広島,39,12:13,児島キングカップ開設７４周年記念競走,予選,３日目
児島,16,20260930,4R,6,3783,A1,瓜生　　正義,0,0,0.15,6.77,39.01,56.03,0.00,0.00,0.00,42,31.48,47.69,64,38.74,59.16,12R/5/.14/5,4R/4/.13/2 10R/1/.11/1,,,,,福岡,福岡,50,12:13,児島キングカップ開設７４周年記念競走,予選,３日目
児島,16,20260930,5R,1,3779,A1,原田　　幸哉,1,0,0.12,6.50,37.61,54.70,0.00,0.00,0.00,66,34.55,51.36,66,33.67,47.45,5R/4/.02/5,7R/4/.09/5,,,,,長崎,愛知,50,12:50,児島キングカップ開設７４周年記念競走,予選,３日目
児島,16,20260930,5R,2,4371,A1,西山　　貴浩,0,0,0.13,7.16,44.35,61.74,6.44,33.33,55.56,45,27.78,41.67,29,30.85,47.26,2R/6/.12/6 8R/4/.05/2,12R/3/.12/2,,,,,福岡,福岡,39,12:50,児島キングカップ開設７４周年記念競走,予選,３日目
児島,16,20260930,5R,3,4812,A1,西野　　雄貴,0,0,0.14,7.79,67.37,85.26,0.00,0.00,0.00,35,43.72,63.26,59,32.83,47.98,1R/4/.06/2 11R/6/.11/5,4R/2/.30/4,,,,,徳島,徳島,36,12:50,児島キングカップ開設７４周年記念競走,予選,３日目
児島,16,20260930,5R,4,4772,A1,石丸　　海渡,0,0,0.11,6.71,50.88,65.79,6.29,50.00,64.29,34,31.63,46.51,36,36.41,48.21,1R/3/.07/6,2R/5/.11/2,,,,,香川,愛媛,33,12:50,児島キングカップ開設７４周年記念競走,予選,３日目
児島,16,20260930,5R,5,3941,A1,池田　　浩二,1,0,0.12,7.68,47.24,66.93,8.61,78.57,89.29,25,27.65,45.62,65,35.23,57.51,12R/2/.11/2,6R/6/.11/3,,,,,愛知,愛知,48,12:50,児島キングカップ開設７４周年記念競走,予選,３日目
児島,16,20260930,5R,6,4584,A1,村岡　　賢人,1,0,0.12,6.73,47.00,67.00,6.95,52.98,74.17,19,41.67,59.72,41,30.85,45.21,7R/3/.13/2,2R/1/.21/1 7R/3/.08/3,,,,,岡山,鳥取,36,12:50,児島キングカップ開設７４周年記念競走,予選,３日目
児島,16,20260930,6R,1,4776,A1,竹田　　和哉,0,0,0.16,7.28,53.24,76.26,7.47,60.53,78.95,56,36.36,49.55,52,31.68,51.98,7R/6/.18/6,3R/2/.10/4 8R/3/.05/2,,,,,香川,愛媛,32,13:27,児島キングカップ開設７４周年記念競走,予選,３日目
児島,16,20260930,6R,2,4586,A1,磯部　　　誠,0,0,0.13,7.67,53.79,71.97,0.00,0.00,0.00,55,47.93,64.52,17,37.69,53.77,4R/3/.11/3 11R/4/.12/2,8R/6/.18/3,,,,,愛知,愛知,36,13:27,児島キングカップ開設７４周年記念競走,予選,３日目
児島,16,20260930,6R,3,4370,A1,山口　　達也,0,0,0.14,6.81,56.25,66.67,6.70,54.23,64.08,30,37.67,46.98,47,30.41,46.39,1R/1/.13/1 10R/3/.11/4,6R/2/.05/1,,,,,岡山,岡山,39,13:27,児島キングカップ開設７４周年記念競走,予選,３日目
児島,16,20260930,6R,4,3415,A1,松井　　　繁,0,0,0.14,6.93,43.90,60.16,7.64,50.00,75.00,27,35.27,50.72,62,34.17,51.76,3R/4/.16/3 9R/3/.17/5,12R/2/.16/6,,,,,大阪,大阪,56,13:27,児島キングカップ開設７４周年記念競走,予選,３日目
児島,16,20260930,6R,5,4713,A1,白神　　　優,0,0,0.14,6.14,38.14,58.47,6.94,50.31,68.71,33,24.88,36.41,74,34.85,50.00,9R/6/.07/6,1R/1/.10/2 9R/3/.10/5,,,,,岡山,岡山,36,13:27,児島キングカップ開設７４周年記念競走,予選,３日目
児島,16,20260930,6R,6,4445,A1,宮地　　元輝,0,0,0.12,7.11,46.23,59.43,6.71,41.18,47.06,18,31.16,46.51,43,38.19,54.27,12R/3/.08/4,5R/5/.12/4 11R/1/.04/1,,,,,佐賀,佐賀,39,13:27,児島キングカップ開設７４周年記念競走,予選,３日目
児島,16,20260930,7R,1,4397,A1,西村　　拓也,0,0,0.13,7.39,60.00,76.43,7.42,64.52,70.97,69,35.65,50.93,75,32.63,47.89,5R/3/.08/2,5R/4/.17/5 10R/4/.08/2,,,,,大阪,大阪,39,14:04,児島キングカップ開設７４周年記念競走,予選,３日目
児島,16,20260930,7R,2,4352,A1,下條　雄太郎,0,0,0.15,7.60,55.29,81.18,6.72,48.28,65.52,22,36.15,50.23,58,38.46,57.44,6R/3/.11/4,3R/5/.08/5,2R/4/.09/3,,,,長崎,長崎,40,14:04,児島キングカップ開設７４周年記念競走,予選,３日目
児島,16,20260930,7R,3,4907,A1,小池　　修平,0,0,0.15,7.24,57.14,70.63,8.60,85.00,90.00,68,34.23,47.75,32,30.96,46.19,4R/1/.10/2,2R/2/.17/3 9R/5/.14/6,,,,,大阪,大阪,31,14:04,児島キングカップ開設７４周年記念競走,予選,３日目
児島,16,20260930,7R,4,3908,A1,重成　　一人,0,0,0.15,5.96,40.00,60.00,7.04,56.00,72.00,15,28.57,43.81,54,36.79,51.30,2R/3/.11/5 11R/5/.10/4,1R/6/.06/3,,,,,香川,香川,48,14:04,児島キングカップ開設７４周年記念競走,予選,３日目
児島,16,20260930,7R,5,4537,A1,渡邉　　和将,1,0,0.14,6.94,47.55,71.33,6.73,45.00,72.00,62,39.25,59.35,20,30.30,42.42,2R/1/.09/1,3R/3/.22/6,,,,,岡山,岡山,36,14:04,児島キングカップ開設７４周年記念競走,予選,３日目
児島,16,20260930,7R,6,4320,A1,峰　　　竜太,0,0,0.13,8.71,62.11,81.05,8.11,55.56,88.89,44,40.00,57.67,25,32.84,51.24,5R/5/.01/3 11R/2/.13/1,12R/1/.18/1,,,,,佐賀,佐賀,41,14:04,児島キングカップ開設７４周年記念競走,予選,３日目
児島,16,20260930,8R,1,4686,A1,丸野　　一樹,0,0,0.14,7.91,53.91,73.91,7.09,45.45,90.91,63,31.70,46.43,61,31.68,49.50,12R/6/.10/6,1R/5/.02/5 7R/6/.15/4,,,,,滋賀,京都,35,14:37,児島キングカップ開設７４周年記念競走,予選,３日目
児島,16,20260930,8R,2,4468,A1,大池　　佑来,2,0,0.13,6.94,53.39,71.19,8.13,62.50,62.50,13,36.57,53.24,68,39.49,61.03,8R/3/.13/6,8R/5/.26/6,3R/4/.12/2,,,,東京,神奈川,39,14:37,児島キングカップ開設７４周年記念競走,予選,３日目
児島,16,20260930,8R,3,5051,A1,松本　　純平,0,0,0.16,6.42,43.20,65.60,6.70,50.00,63.33,61,35.62,54.34,19,37.88,52.53,4R/4/.13/6,7R/1/.10/2,2R/6/.16/4,,,,埼玉,兵庫,31,14:37,児島キングカップ開設７４周年記念競走,予選,３日目
児島,16,20260930,8R,4,4482,A1,守屋　　美穂,1,0,0.17,6.09,39.18,53.61,7.22,58.68,75.21,53,33.49,49.54,60,30.43,40.76,6R/5/.13/5,5R/1/.20/6,1R/6/.14/3,,,,岡山,岡山,37,14:37,児島キングカップ開設７４周年記念競走,予選,３日目
児島,16,20260930,8R,5,3984,A1,坂口　　　周,0,0,0.17,6.03,36.99,60.27,0.00,0.00,0.00,37,34.11,54.67,23,33.33,47.47,2R/4/.11/4 10R/6/.14/5,5R/2/.15/3,,,,,三重,三重,48,14:37,児島キングカップ開設７４周年記念競走,予選,３日目
児島,16,20260930,8R,6,4787,A1,椎名　　　豊,0,0,0.14,7.65,65.67,79.85,6.56,44.44,66.67,50,39.82,58.82,50,36.98,53.13,3R/5/.15/6 8R/1/.11/1,6R/3/.04/2,,,,,群馬,群馬,38,14:37,児島キングカップ開設７４周年記念競走,予選,３日目
児島,16,20260930,9R,1,3960,A1,菊地　　孝平,0,0,0.11,6.70,39.84,58.54,6.79,47.37,57.89,54,30.29,50.96,38,42.93,58.59,1R/6/.17/5 7R/2/.16/5,12R/4/.12/4,,,,,静岡,岩手,48,15:10,児島キングカップ開設７４周年記念競走,予選,３日目
児島,16,20260930,9R,2,4581,A1,吉村　　　誠,1,0,0.14,6.52,48.76,68.60,6.44,51.22,63.41,26,29.68,44.29,71,42.79,59.20,3R/3/.14/5,5R/6/.13/2,4R/4/.10/4,,,,静岡,静岡,37,15:10,児島キングカップ開設７４周年記念競走,予選,３日目
児島,16,20260930,9R,3,4502,A1,遠藤　　エミ,0,0,0.14,7.40,53.44,71.76,8.10,65.00,90.00,67,30.91,47.73,39,37.81,54.23,5R/1/.18/6 10R/5/.14/3,8R/4/.28/4,,,,,滋賀,滋賀,38,15:10,児島キングカップ開設７４周年記念競走,予選,３日目
児島,16,20260930,9R,4,4960,A1,黒野　　元基,0,0,0.14,7.19,55.07,71.74,6.41,44.12,70.59,39,38.07,54.13,73,34.34,58.59,1R/5/.05/4 9R/2/.16/2,5R/3/.08/1,3R/1/.11/1,,,,愛知,愛知,30,15:10,児島キングカップ開設７４周年記念競走,予選,３日目
児島,16,20260930,9R,5,4444,A1,桐生　　順平,0,0,0.13,7.39,41.41,65.66,7.35,62.16,70.27,20,47.27,65.00,56,32.99,50.25,12R/4/.09/3,3R/6/.11/3 9R/2/.15/1,,,,,埼玉,福島,39,15:10,児島キングカップ開設７４周年記念競走,予選,３日目
児島,16,20260930,9R,6,4590,A1,渡邉　　優美,1,0,0.14,6.51,42.28,60.16,7.40,60.00,80.00,16,36.12,52.42,70,31.28,51.28,9R/4/.12/3,6R/1/.01/6,1R/3/.15/6,,,,福岡,福岡,34,15:10,児島キングカップ開設７４周年記念競走,予選,３日目
児島,16,20260930,10R,1,4074,A1,柳沢　　　一,0,0,0.13,6.50,45.86,67.67,6.70,41.67,70.00,17,38.64,51.82,44,32.66,49.25,7R/4/.14/3,4R/6/.12/5,4R/3/.08/6,,,,愛知,愛知,45,15:43,児島キングカップ開設７４周年記念競走,予選,３日目
児島,16,20260930,10R,2,4704,A1,河野　　　大,0,0,0.14,6.33,44.59,60.81,6.03,43.55,58.06,60,43.87,60.38,48,33.66,50.00,5R/6/.03/4,6R/5/.11/4,1R/4/.14/5,,,,徳島,徳島,38,15:43,児島キングカップ開設７４周年記念競走,予選,３日目
児島,16,20260930,10R,3,3779,A1,原田　　幸哉,1,0,0.12,6.50,37.61,54.70,0.00,0.00,0.00,66,34.55,51.36,66,33.67,47.45,5R/4/.02/5,7R/4/.09/5,5R/1/.14/4,,,,長崎,愛知,50,15:43,児島キングカップ開設７４周年記念競走,予選,３日目
児島,16,20260930,10R,4,4166,A1,吉田　　拡郎,0,0,0.12,7.55,56.30,71.85,7.51,64.75,78.69,21,37.79,52.07,22,32.00,50.00,12R/1/.05/1,2R/6/.15/6 8R/2/.07/5,3R/3/.10/3,,,,岡山,岡山,44,15:43,児島キングカップ開設７４周年記念競走,予選,３日目
児島,16,20260930,10R,5,4851,A1,関　　　浩哉,0,0,0.13,7.58,48.33,65.00,6.78,55.56,55.56,23,34.27,50.70,14,35.20,56.63,6R/4/.08/2 11R/1/.16/3,12R/6/.27/5,2R/2/.07/5,,,,群馬,群馬,31,15:43,児島キングカップ開設７４周年記念競走,予選,３日目
児島,16,20260930,10R,6,4959,A1,井上　　忠政,0,0,0.15,7.52,57.03,71.88,7.73,66.67,77.08,57,32.73,48.18,18,34.83,54.73,2R/2/.10/3 7R/5/.17/4,6R/4/.07/5,,,,,大阪,大阪,30,15:43,児島キングカップ開設７４周年記念競走,予選,３日目
児島,16,20260930,11R,1,3415,A1,松井　　　繁,0,0,0.14,6.93,43.90,60.16,7.64,50.00,75.00,27,35.27,50.72,62,34.17,51.76,3R/4/.16/3 9R/3/.17/5,12R/2/.16/6,6R/4/.18/5,,,,大阪,大阪,56,16:16,児島キングカップ開設７４周年記念競走,予選,３日目
児島,16,20260930,11R,2,4772,A1,石丸　　海渡,0,0,0.11,6.71,50.88,65.79,6.29,50.00,64.29,34,31.63,46.51,36,36.41,48.21,1R/3/.07/6,2R/5/.11/2,5R/4/.08/6,,,,香川,愛媛,33,16:16,児島キングカップ開設７４周年記念競走,予選,３日目
児島,16,20260930,11R,3,3783,A1,瓜生　　正義,0,0,0.15,6.77,39.01,56.03,0.00,0.00,0.00,42,31.48,47.69,64,38.74,59.16,12R/5/.14/5,4R/4/.13/2 10R/1/.11/1,4R/6/.04/3,,,,福岡,福岡,50,16:16,児島キングカップ開設７４周年記念競走,予選,３日目
児島,16,20260930,11R,4,4324,A1,海野　康志郎,0,0,0.13,7.10,55.24,69.23,7.56,66.10,84.75,12,40.57,55.19,40,32.31,47.69,1R/2/.12/3 8R/5/.08/3,9R/1/.13/2,2R/3/.06/6,,,,山口,山口,38,16:16,児島キングカップ開設７４周年記念競走,予選,３日目
児島,16,20260930,11R,5,3744,A1,徳増　　秀樹,0,0,0.14,6.03,43.26,56.74,6.32,42.11,63.16,49,37.21,52.09,30,34.18,53.06,6R/1/.09/1,7R/5/.12/6,3R/2/.10/5,,,,静岡,静岡,51,16:16,児島キングカップ開設７４周年記念競走,予選,３日目
児島,16,20260930,11R,6,4361,A1,柳生　　泰二,1,0,0.14,7.27,55.28,69.11,6.63,42.11,78.95,59,27.98,49.08,15,40.51,53.85,3R/1/.18/1 11R/3/.15/6,3R/4/.08/1,,,,,山口,山口,41,16:16,児島キングカップ開設７４周年記念競走,予選,３日目
児島,16,20260930,12R,1,3941,A1,池田　　浩二,1,0,0.12,7.68,47.24,66.93,8.61,78.57,89.29,25,27.65,45.62,65,35.23,57.51,12R/2/.11/2,6R/6/.11/3,5R/5/.09/1,,,,愛知,愛知,48,16:50,児島キングカップ開設７４周年記念競走,予選,３日目
児島,16,20260930,12R,2,4831,A1,羽野　　直也,0,0,0.15,7.17,54.21,67.29,7.13,37.50,62.50,38,35.71,51.34,34,39.18,53.09,3R/6/.19/2 10R/1/.07/2,7R/2/.10/1,,,,,福岡,福岡,31,16:50,児島キングカップ開設７４周年記念競走,予選,３日目
児島,16,20260930,12R,3,4320,A1,峰　　　竜太,0,0,0.13,8.71,62.11,81.05,8.11,55.56,88.89,44,40.00,57.67,25,32.84,51.24,5R/5/.01/3 11R/2/.13/1,12R/1/.18/1,7R/4/.11/2,,,,佐賀,佐賀,41,16:50,児島キングカップ開設７４周年記念競走,予選,３日目
児島,16,20260930,12R,4,4503,A1,上野　真之介,0,0,0.11,7.98,63.31,79.86,7.89,66.67,81.48,64,33.95,51.63,57,34.00,52.00,2R/5/.07/2 9R/1/.18/1,10R/3/.12/3,,,,,佐賀,佐賀,38,16:50,児島キングカップ開設７４周年記念競走,予選,３日目
児島,16,20260930,12R,5,4266,A1,長田　　頼宗,0,0,0.15,7.47,54.17,70.83,4.88,25.00,25.00,24,33.03,50.23,63,34.59,54.05,7R/1/.11/1,9R/4/.14/4,4R/2/.11/2,,,,東京,神奈川,41,16:50,児島キングカップ開設７４周年記念競走,予選,３日目
児島,16,20260930,12R,6,4980,A1,佐々木　完太,0,0,0.16,6.97,50.82,62.30,6.80,46.43,64.29,11,29.82,41.74,69,30.96,48.22,4R/2/.14/1 9R/5/.09/4,4R/1/.08/1,,,,,山口,山口,30,16:50,児島キングカップ開設７４周年記念競走,予選,３日目
唐津,23,20260930,1R,1,4389,A2,伊藤　　喜智,0,0,0.18,5.44,30.70,57.89,7.14,57.14,85.71,46,0.00,0.00,34,33.33,49.55,,,,,,,大阪,大阪,41,08:44,日刊スポーツ杯,朝１戦,初日
唐津,23,20260930,1R,2,3175,B1,渡辺　　千草,0,0,0.17,4.66,25.00,46.74,0.00,0.00,0.00,58,0.00,0.00,23,43.75,60.94,,,,,,,東京,神奈川,62,08:44,日刊スポーツ杯,朝１戦,初日
唐津,23,20260930,1R,3,3212,B1,亀本　　勇樹,1,0,0.18,4.56,21.88,35.42,5.38,38.10,61.90,47,25.00,50.00,54,30.65,47.58,,,,,,,広島,広島,64,08:44,日刊スポーツ杯,朝１戦,初日
唐津,23,20260930,1R,4,4638,B1,小林　　遼太,0,0,0.18,5.39,36.89,57.28,4.71,28.57,28.57,19,20.00,60.00,52,36.07,50.00,,,,,,,福岡,福岡,35,08:44,日刊スポーツ杯,朝１戦,初日
唐津,23,20260930,1R,5,4948,B1,木場　　悠介,0,0,0.15,5.63,39.22,51.96,5.24,35.29,47.06,51,0.00,0.00,28,34.65,48.03,,,,,,,長崎,鹿児島,33,08:44,日刊スポーツ杯,朝１戦,初日
唐津,23,20260930,1R,6,5014,B1,梶山　　涼斗,1,0,0.14,4.24,24.29,38.57,5.03,27.85,48.10,24,55.56,66.67,21,41.22,58.02,,,,,,,佐賀,佐賀,28,08:44,日刊スポーツ杯,朝１戦,初日
唐津,23,20260930,2R,1,4172,A2,森定　　晃史,0,0,0.17,5.94,39.84,64.06,5.87,50.00,56.67,22,44.44,55.56,25,26.36,46.51,,,,,,,岡山,岡山,43,09:10,日刊スポーツ杯,モー２ング戦,初日
唐津,23,20260930,2R,2,5297,B1,南　　　彩寧,0,0,0.22,3.74,17.82,28.71,2.15,5.00,15.00,54,0.00,0.00,22,23.48,38.26,,,,,,,兵庫,兵庫,24,09:10,日刊スポーツ杯,モー２ング戦,初日
唐津,23,20260930,2R,3,3918,A1,深井　　利寿,0,0,0.18,6.75,44.35,74.19,6.21,46.43,57.14,52,0.00,0.00,14,31.75,55.56,,,,,,,滋賀,滋賀,52,09:10,日刊スポーツ杯,モー２ング戦,初日
唐津,23,20260930,2R,4,4747,B1,山戸　　信二,0,0,0.17,3.45,13.64,25.76,3.55,10.00,30.00,13,44.44,44.44,49,35.54,50.41,,,,,,,長崎,熊本,41,09:10,日刊スポーツ杯,モー２ング戦,初日
唐津,23,20260930,2R,5,4782,B1,浜崎　　準也,1,0,0.18,4.67,22.73,43.18,4.44,24.00,40.00,60,0.00,0.00,5,37.01,54.33,,,,,,,岡山,岡山,39,09:10,日刊スポーツ杯,モー２ング戦,初日
唐津,23,20260930,2R,6,4229,B1,市川　　美宏,0,0,0.19,4.39,19.32,43.18,2.67,0.00,33.33,56,0.00,0.00,46,21.60,32.80,,,,,,,静岡,静岡,43,09:10,日刊スポーツ杯,モー２ング戦,初日
唐津,23,20260930,3R,1,4575,A2,戸塚　　邦好,0,0,0.16,5.99,42.98,57.02,6.57,42.86,71.43,10,55.56,66.67,2,42.97,56.25,,,,,,,東京,東京,38,09:36,日刊スポーツ杯,３ライズ戦,初日
唐津,23,20260930,3R,2,5248,B1,本田　　　愛,0,0,0.20,5.26,34.65,56.44,3.67,0.00,11.11,5,20.00,60.00,3,35.34,44.83,,,,,,,静岡,静岡,24,09:36,日刊スポーツ杯,３ライズ戦,初日
唐津,23,20260930,3R,3,4253,B1,西川　　真人,0,0,0.18,4.34,19.13,40.00,3.79,20.83,29.17,7,0.00,28.57,47,29.27,42.28,,,,,,,滋賀,滋賀,43,09:36,日刊スポーツ杯,３ライズ戦,初日
唐津,23,20260930,3R,4,4108,A1,吉村　　正明,0,0,0.14,5.94,43.14,56.86,7.15,56.52,73.91,53,0.00,0.00,42,26.27,45.76,,,,,,,山口,山口,46,09:36,日刊スポーツ杯,３ライズ戦,初日
唐津,23,20260930,3R,5,4417,B1,服部　　　剛,0,0,0.20,5.21,33.33,51.28,5.21,33.33,45.45,25,22.22,55.56,56,34.45,48.74,,,,,,,静岡,静岡,39,09:36,日刊スポーツ杯,３ライズ戦,初日
唐津,23,20260930,3R,6,4764,B1,小池　　礼乃,1,0,0.16,5.18,36.25,52.50,5.63,42.86,54.29,63,0.00,0.00,48,27.50,47.50,,,,,,,福岡,福岡,36,09:36,日刊スポーツ杯,３ライズ戦,初日
唐津,23,20260930,4R,1,4733,B1,赤井　　　睦,0,0,0.15,5.51,38.36,54.79,5.89,42.22,60.00,1,22.22,44.44,29,36.29,51.61,,,,,,,徳島,岡山,37,10:02,日刊スポーツ杯,おは４戦,初日
唐津,23,20260930,4R,2,3983,A1,須藤　　博倫,0,0,0.15,6.53,44.78,65.67,5.50,37.50,62.50,21,44.44,55.56,31,40.87,61.74,,,,,,,埼玉,埼玉,48,10:02,日刊スポーツ杯,おは４戦,初日
唐津,23,20260930,4R,3,4011,A2,堀之内紀代子,1,0,0.16,6.48,48.84,65.12,5.56,33.33,58.33,11,11.11,33.33,59,38.21,56.10,,,,,,,岡山,岡山,47,10:02,日刊スポーツ杯,おは４戦,初日
唐津,23,20260930,4R,4,5407,B1,中岡　　　駿,1,0,0.19,2.55,8.99,13.48,2.00,0.00,11.11,4,33.33,66.67,50,34.96,54.47,,,,,,,香川,香川,21,10:02,日刊スポーツ杯,おは４戦,初日
唐津,23,20260930,4R,5,3771,B1,折下　　寛法,0,0,0.15,5.26,27.93,49.55,3.71,0.00,42.86,64,0.00,0.00,8,40.94,62.99,,,,,,,東京,東京,52,10:02,日刊スポーツ杯,おは４戦,初日
唐津,23,20260930,4R,6,4359,A2,横川　　聖志,1,0,0.13,5.29,35.24,53.33,6.37,42.11,73.68,2,0.00,25.00,33,20.51,35.04,,,,,,,徳島,徳島,42,10:02,日刊スポーツ杯,おは４戦,初日
唐津,23,20260930,5R,1,3853,A2,岩崎　　正哉,0,0,0.20,5.93,38.21,54.47,5.21,35.29,50.00,9,0.00,33.33,57,36.59,53.66,,,,,,,福岡,福岡,54,10:28,日刊スポーツ杯,レッツ５特賞,初日
唐津,23,20260930,5R,2,4989,A2,石原　　　翼,1,0,0.15,5.80,38.46,54.81,6.40,45.00,60.00,17,50.00,62.50,12,37.90,62.10,,,,,,,静岡,静岡,29,10:28,日刊スポーツ杯,レッツ５特賞,初日
唐津,23,20260930,5R,3,4866,B1,橋本　　英一,0,0,0.17,4.39,20.45,39.77,4.78,27.78,44.44,16,12.50,25.00,38,40.98,64.75,,,,,,,福岡,福岡,36,10:28,日刊スポーツ杯,レッツ５特賞,初日
唐津,23,20260930,5R,4,5039,B1,倉田　　茂将,1,0,0.16,4.09,19.79,33.33,0.00,0.00,0.00,55,0.00,0.00,32,34.71,54.55,,,,,,,愛知,愛知,28,10:28,日刊スポーツ杯,レッツ５特賞,初日
唐津,23,20260930,5R,5,4543,A1,重木　　輝彦,1,0,0.17,6.52,45.76,64.41,6.50,50.00,75.00,20,0.00,0.00,16,41.41,51.56,,,,,,,兵庫,兵庫,38,10:28,日刊スポーツ杯,レッツ５特賞,初日
唐津,23,20260930,5R,6,5204,B2,宇恵　　有香,0,0,0.18,4.75,24.00,46.00,2.25,0.00,0.00,8,0.00,0.00,41,33.87,54.84,,,,,,,三重,三重,29,10:28,日刊スポーツ杯,レッツ５特賞,初日
唐津,23,20260930,6R,1,4119,B1,泥谷　　一毅,0,0,0.19,6.00,39.66,62.07,6.97,58.82,79.41,15,25.00,50.00,20,33.06,45.45,,,,,,,大阪,大阪,45,11:03,日刊スポーツ杯,予選,初日
唐津,23,20260930,6R,2,4174,A1,赤坂　　俊輔,0,0,0.15,6.44,44.36,66.17,7.04,48.15,74.07,50,0.00,0.00,7,36.00,54.40,,,,,,,長崎,長崎,43,11:03,日刊スポーツ杯,予選,初日
唐津,23,20260930,6R,3,3541,A2,三嶌　　誠司,0,0,0.17,6.36,45.83,68.33,6.47,46.88,62.50,45,0.00,0.00,26,28.57,46.83,,,,,,,香川,香川,58,11:03,日刊スポーツ杯,予選,初日
唐津,23,20260930,6R,4,5106,A2,山崎　　　祥,0,0,0.19,5.53,35.45,56.36,3.87,26.67,33.33,49,0.00,0.00,4,22.76,34.15,,,,,,,山口,山口,27,11:03,日刊スポーツ杯,予選,初日
唐津,23,20260930,6R,5,4000,A2,松本　　博昭,0,0,0.17,6.02,42.28,62.42,5.94,43.75,50.00,48,50.00,50.00,13,31.45,47.58,,,,,,,広島,広島,49,11:03,日刊スポーツ杯,予選,初日
唐津,23,20260930,6R,6,5423,B2,高橋　　嗣穏,2,0,0.22,1.25,0.00,0.00,1.33,0.00,0.00,3,44.44,66.67,45,30.40,48.00,,,,,,,徳島,高知,24,11:03,日刊スポーツ杯,予選,初日
唐津,23,20260930,7R,1,4948,B1,木場　　悠介,0,0,0.15,5.63,39.22,51.96,5.24,35.29,47.06,51,0.00,0.00,28,34.65,48.03,1R/5/.11/4,,,,,,長崎,鹿児島,33,11:37,日刊スポーツ杯,予選,初日
唐津,23,20260930,7R,2,4782,B1,浜崎　　準也,1,0,0.18,4.67,22.73,43.18,4.44,24.00,40.00,60,0.00,0.00,5,37.01,54.33,2R/5/.10/5,,,,,,岡山,岡山,39,11:37,日刊スポーツ杯,予選,初日
唐津,23,20260930,7R,3,4483,A1,北野　　輝季,0,0,0.15,6.83,52.94,67.65,6.50,47.06,55.88,12,22.22,44.44,43,26.85,41.67,,,,,,,愛知,愛知,37,11:37,日刊スポーツ杯,予選,初日
唐津,23,20260930,7R,4,5324,B1,畑田　　希咲,0,0,0.21,3.10,5.13,15.38,1.00,0.00,0.00,62,0.00,0.00,40,29.37,54.76,,,,,,,兵庫,兵庫,23,11:37,日刊スポーツ杯,予選,初日
唐津,23,20260930,7R,5,3319,A2,山崎　　義明,0,0,0.16,5.74,38.06,61.19,5.82,47.06,52.94,59,0.00,0.00,9,31.90,52.59,,,,,,,埼玉,埼玉,59,11:37,日刊スポーツ杯,予選,初日
唐津,23,20260930,7R,6,5110,B1,杉山　　喜一,0,0,0.15,4.88,29.63,45.68,2.17,0.00,16.67,14,25.00,37.50,18,34.45,55.46,,,,,,,静岡,静岡,27,11:37,日刊スポーツ杯,予選,初日
唐津,23,20260930,8R,1,4417,B1,服部　　　剛,0,0,0.20,5.21,33.33,51.28,5.21,33.33,45.45,25,22.22,55.56,56,34.45,48.74,3R/6/.18/5,,,,,,静岡,静岡,39,12:10,日刊スポーツ杯,８っぴータイム,初日
唐津,23,20260930,8R,2,5407,B1,中岡　　　駿,1,0,0.19,2.55,8.99,13.48,2.00,0.00,11.11,4,33.33,66.67,50,34.96,54.47,4R/4/.17/2,,,,,,香川,香川,21,12:10,日刊スポーツ杯,８っぴータイム,初日
唐津,23,20260930,8R,3,4229,B1,市川　　美宏,0,0,0.19,4.39,19.32,43.18,2.67,0.00,33.33,56,0.00,0.00,46,21.60,32.80,2R/6/.07/6,,,,,,静岡,静岡,43,12:10,日刊スポーツ杯,８っぴータイム,初日
唐津,23,20260930,8R,4,4072,A1,森永　　　淳,0,0,0.13,7.16,56.52,71.30,6.82,56.49,66.23,65,0.00,0.00,36,24.00,41.60,,,,,,,佐賀,佐賀,45,12:10,日刊スポーツ杯,８っぴータイム,初日
唐津,23,20260930,8R,5,3175,B1,渡辺　　千草,0,0,0.17,4.66,25.00,46.74,0.00,0.00,0.00,58,0.00,0.00,23,43.75,60.94,1R/2/.14/5,,,,,,東京,神奈川,62,12:10,日刊スポーツ杯,８っぴータイム,初日
唐津,23,20260930,8R,6,5429,B2,吉川　　颯汰,0,0,0.22,1.20,0.00,1.64,1.07,0.00,0.00,6,22.22,22.22,10,37.17,47.79,,,,,,,佐賀,佐賀,23,12:10,日刊スポーツ杯,８っぴータイム,初日
唐津,23,20260930,9R,1,4866,B1,橋本　　英一,0,0,0.17,4.39,20.45,39.77,4.78,27.78,44.44,16,12.50,25.00,38,40.98,64.75,5R/3/.17/4,,,,,,福岡,福岡,36,12:41,日刊スポーツ杯,予選,初日
唐津,23,20260930,9R,2,4121,A2,富永　　修一,0,0,0.14,5.96,44.44,57.58,6.13,46.15,56.41,57,0.00,0.00,44,36.51,55.56,,,,,,,福岡,福岡,44,12:41,日刊スポーツ杯,予選,初日
唐津,23,20260930,9R,3,5014,B1,梶山　　涼斗,1,0,0.14,4.24,24.29,38.57,5.03,27.85,48.10,24,55.56,66.67,21,41.22,58.02,1R/6/.14/2,,,,,,佐賀,佐賀,28,12:41,日刊スポーツ杯,予選,初日
唐津,23,20260930,9R,4,4733,B1,赤井　　　睦,0,0,0.15,5.51,38.36,54.79,5.89,42.22,60.00,1,22.22,44.44,29,36.29,51.61,4R/1/.09/1,,,,,,徳島,岡山,37,12:41,日刊スポーツ杯,予選,初日
唐津,23,20260930,9R,5,4575,A2,戸塚　　邦好,0,0,0.16,5.99,42.98,57.02,6.57,42.86,71.43,10,55.56,66.67,2,42.97,56.25,3R/1/.10/1,,,,,,東京,東京,38,12:41,日刊スポーツ杯,予選,初日
唐津,23,20260930,9R,6,4112,A2,大久保信一郎,1,0,0.17,5.65,40.78,55.34,5.87,42.39,61.96,18,88.89,88.89,11,32.28,39.37,,,,,,,佐賀,佐賀,46,12:41,日刊スポーツ杯,予選,初日
唐津,23,20260930,10R,1,3771,B1,折下　　寛法,0,0,0.15,5.26,27.93,49.55,3.71,0.00,42.86,64,0.00,0.00,8,40.94,62.99,4R/5/.11/6,,,,,,東京,東京,52,13:12,日刊スポーツ杯,予選特賞,初日
唐津,23,20260930,10R,2,3541,A2,三嶌　　誠司,0,0,0.17,6.36,45.83,68.33,6.47,46.88,62.50,45,0.00,0.00,26,28.57,46.83,6R/3/.14/1,,,,,,香川,香川,58,13:12,日刊スポーツ杯,予選特賞,初日
唐津,23,20260930,10R,3,4154,B1,森安　　弘雅,0,0,0.20,5.24,36.94,53.15,5.05,40.00,55.00,23,22.22,66.67,55,38.40,54.40,,,,,,,香川,香川,46,13:12,日刊スポーツ杯,予選特賞,初日
唐津,23,20260930,10R,4,4389,A2,伊藤　　喜智,0,0,0.18,5.44,30.70,57.89,7.14,57.14,85.71,46,0.00,0.00,34,33.33,49.55,1R/1/.20/1,,,,,,大阪,大阪,41,13:12,日刊スポーツ杯,予選特賞,初日
唐津,23,20260930,10R,5,4108,A1,吉村　　正明,0,0,0.14,5.94,43.14,56.86,7.15,56.52,73.91,53,0.00,0.00,42,26.27,45.76,3R/4/.09/2,,,,,,山口,山口,46,13:12,日刊スポーツ杯,予選特賞,初日
唐津,23,20260930,10R,6,4989,A2,石原　　　翼,1,0,0.15,5.80,38.46,54.81,6.40,45.00,60.00,17,50.00,62.50,12,37.90,62.10,5R/2/.13/2,,,,,,静岡,静岡,29,13:12,日刊スポーツ杯,予選特賞,初日
唐津,23,20260930,11R,1,4472,A1,尾嶋　　一広,0,0,0.16,6.57,46.15,64.96,0.00,0.00,0.00,61,0.00,0.00,58,24.14,38.79,,,,,,,兵庫,兵庫,39,13:43,日刊スポーツ杯,宝当特選,初日
唐津,23,20260930,11R,2,4011,A2,堀之内紀代子,1,0,0.16,6.48,48.84,65.12,5.56,33.33,58.33,11,11.11,33.33,59,38.21,56.10,4R/3/.16/4,,,,,,岡山,岡山,47,13:43,日刊スポーツ杯,宝当特選,初日
唐津,23,20260930,11R,3,5106,A2,山崎　　　祥,0,0,0.19,5.53,35.45,56.36,3.87,26.67,33.33,49,0.00,0.00,4,22.76,34.15,6R/4/.23/3,,,,,,山口,山口,27,13:43,日刊スポーツ杯,宝当特選,初日
唐津,23,20260930,11R,4,5110,B1,杉山　　喜一,0,0,0.15,4.88,29.63,45.68,2.17,0.00,16.67,14,25.00,37.50,18,34.45,55.46,7R/6/.18/4,,,,,,静岡,静岡,27,13:43,日刊スポーツ杯,宝当特選,初日
唐津,23,20260930,11R,5,4172,A2,森定　　晃史,0,0,0.17,5.94,39.84,64.06,5.87,50.00,56.67,22,44.44,55.56,25,26.36,46.51,2R/1/.12/2,,,,,,岡山,岡山,43,13:43,日刊スポーツ杯,宝当特選,初日
唐津,23,20260930,11R,6,4253,B1,西川　　真人,0,0,0.18,4.34,19.13,40.00,3.79,20.83,29.17,7,0.00,28.57,47,29.27,42.28,3R/3/.14/3,,,,,,滋賀,滋賀,43,13:43,日刊スポーツ杯,宝当特選,初日
唐津,23,20260930,12R,1,4072,A1,森永　　　淳,0,0,0.13,7.16,56.52,71.30,6.82,56.49,66.23,65,0.00,0.00,36,24.00,41.60,8R/4/.09/1,,,,,,佐賀,佐賀,45,14:22,日刊スポーツ杯,ドリーム,初日
唐津,23,20260930,12R,2,4483,A1,北野　　輝季,0,0,0.15,6.83,52.94,67.65,6.50,47.06,55.88,12,22.22,44.44,43,26.85,41.67,7R/3/.14/1,,,,,,愛知,愛知,37,14:22,日刊スポーツ杯,ドリーム,初日
唐津,23,20260930,12R,3,3983,A1,須藤　　博倫,0,0,0.15,6.53,44.78,65.67,5.50,37.50,62.50,21,44.44,55.56,31,40.87,61.74,4R/2/.14/3,,,,,,埼玉,埼玉,48,14:22,日刊スポーツ杯,ドリーム,初日
唐津,23,20260930,12R,4,4543,A1,重木　　輝彦,1,0,0.17,6.52,45.76,64.41,6.50,50.00,75.00,20,0.00,0.00,16,41.41,51.56,5R/5/.19/1,,,,,,兵庫,兵庫,38,14:22,日刊スポーツ杯,ドリーム,初日
唐津,23,20260930,12R,5,4174,A1,赤坂　　俊輔,0,0,0.15,6.44,44.36,66.17,7.04,48.15,74.07,50,0.00,0.00,7,36.00,54.40,6R/2/.13/2,,,,,,長崎,長崎,43,14:22,日刊スポーツ杯,ドリーム,初日
唐津,23,20260930,12R,6,3918,A1,深井　　利寿,0,0,0.18,6.75,44.35,74.19,6.21,46.43,57.14,52,0.00,0.00,14,31.75,55.56,2R/3/.14/1,,,,,,滋賀,滋賀,52,14:22,日刊スポーツ杯,ドリーム,初日
大村,24,20260930,1R,1,4004,B1,山本　　浩輔,0,0,0.18,4.88,27.66,42.55,4.85,24.17,45.83,61,37.84,48.65,83,22.64,28.30,2R/4/.23/2 9R/2/.15/3,1R/6/.27/6,,,,,長崎,長崎,48,17:41,ミッドナイトボートレースｉｎ大村 １０,予選,３日目
大村,24,20260930,1R,2,5065,A2,伊久間　陽優,1,0,0.12,5.37,36.59,48.78,6.45,54.55,72.73,79,30.88,45.59,41,16.36,36.36,9R/5/.14/4,4R/6/.16/6 11R/4/.10/2,,,,,群馬,群馬,28,17:41,ミッドナイトボートレースｉｎ大村 １０,予選,３日目
大村,24,20260930,1R,3,4339,B1,平瀬　　城啓,0,0,0.19,4.00,16.30,33.70,4.32,17.65,41.18,73,31.08,39.19,50,42.86,58.57,1R/4/.11/4 6R/1/.05/4,6R/6/.16/5,,,,,福井,富山,42,17:41,ミッドナイトボートレースｉｎ大村 １０,予選,３日目
大村,24,20260930,1R,4,3827,B1,今泉　　　徹,0,0,0.17,4.02,14.15,32.08,0.00,0.00,0.00,19,36.25,58.75,58,28.57,48.57,5R/6/.25/6,3R/1/.09/4 10R/5/.16/5,,,,,群馬,群馬,53,17:41,ミッドナイトボートレースｉｎ大村 １０,予選,３日目
大村,24,20260930,1R,5,4204,B1,柴田　　大輔,0,0,0.19,5.17,31.18,46.24,0.00,0.00,0.00,64,22.86,42.86,13,20.00,36.67,1R/6/.04/5 10R/4/.09/6,4R/1/.18/2,,,,,福岡,福岡,44,17:41,ミッドナイトボートレースｉｎ大村 １０,予選,３日目
大村,24,20260930,1R,6,3930,A2,岸本　　　隆,1,0,0.16,5.28,28.44,48.62,4.33,26.67,40.00,34,39.74,55.13,33,33.87,45.16,3R/2/.17/3 11R/5/.18/5,8R/1/.21/1,,,,,岡山,岡山,50,17:41,ミッドナイトボートレースｉｎ大村 １０,予選,３日目
大村,24,20260930,2R,1,4408,B1,仁科　さやか,0,0,0.19,3.66,20.83,28.13,4.49,30.14,42.47,71,25.00,41.67,86,28.33,45.00,8R/2/.24/3,2R/5/.35/3 10R/6/.17/6,,,,,長崎,長崎,40,18:08,ミッドナイトボートレースｉｎ大村 １０,予選,３日目
大村,24,20260930,2R,2,4068,B1,幸田　　智裕,0,0,0.17,4.81,22.12,46.90,4.67,11.11,55.56,70,41.67,52.78,85,36.49,54.05,4R/6/.20/5,1R/5/.15/3 6R/1/.12/1,,,,,静岡,静岡,46,18:08,ミッドナイトボートレースｉｎ大村 １０,予選,３日目
大村,24,20260930,2R,3,4680,A2,後藤　　美翼,0,0,0.21,5.69,36.36,58.68,6.40,50.00,70.00,12,29.11,44.30,32,43.06,48.61,8R/1/.23/2,8R/2/.25/2 12R/5/.25/4,,,,,東京,東京,36,18:08,ミッドナイトボートレースｉｎ大村 １０,予選,３日目
大村,24,20260930,2R,4,3701,B1,大西　　隆洋,0,0,0.16,4.12,15.84,32.67,2.79,14.29,14.29,49,33.78,55.41,84,34.29,44.29,4R/5/.17/6,4R/2/.14/5 9R/6/.20/6,,,,,香川,愛媛,53,18:08,ミッドナイトボートレースｉｎ大村 １０,予選,３日目
大村,24,20260930,2R,5,3703,A2,鳥飼　　　眞,0,0,0.18,5.88,42.73,61.82,5.89,37.78,60.00,45,46.99,68.67,46,36.99,52.05,6R/5/.07/5 11R/2/.25/6,9R/1/.12/1,,,,,福岡,福岡,52,18:08,ミッドナイトボートレースｉｎ大村 １０,予選,３日目
大村,24,20260930,2R,6,4793,A2,金子　　　萌,0,0,0.14,6.43,48.80,64.00,6.59,58.82,70.59,72,26.76,43.66,25,40.28,50.00,6R/4/.01/1,7R/1/.21/1 12R/2/.16/1,,,,,静岡,静岡,36,18:08,ミッドナイトボートレースｉｎ大村 １０,予選,３日目
大村,24,20260930,3R,1,4520,A2,高倉　　孝太,1,0,0.13,5.71,35.09,53.51,4.30,30.00,30.00,30,19.18,34.25,28,32.79,47.54,4R/3/.16/3 10R/5/.12/5,1R/2/.17/2 11R/6/.16/5,,,,,福井,石川,39,18:34,ミッドナイトボートレースｉｎ大村 １０,予選,３日目
大村,24,20260930,3R,2,4470,A2,平田　健之佑,0,0,0.15,6.49,50.52,65.98,6.05,31.58,57.89,48,36.99,49.32,57,38.36,50.68,2R/6/.17/5 11R/3/.17/1,10R/1/.06/1,,,,,三重,三重,39,18:34,ミッドナイトボートレースｉｎ大村 １０,予選,３日目
大村,24,20260930,3R,3,4264,A1,長尾　　章平,1,0,0.16,6.02,42.74,63.25,6.11,50.00,60.71,69,27.71,45.78,21,25.00,36.67,10R/6/.15/4,3R/4/.10/1 12R/1/.16/2,,,,,山口,山口,41,18:34,ミッドナイトボートレースｉｎ大村 １０,予選,３日目
大村,24,20260930,3R,4,3509,B1,池　　　千夏,0,0,0.15,3.32,6.82,21.59,4.00,28.57,28.57,36,32.88,54.79,53,25.00,48.33,3R/3/.15/5 8R/5/.23/4,5R/1/.10/1,,,,,香川,愛媛,54,18:34,ミッドナイトボートレースｉｎ大村 １０,予選,３日目
大村,24,20260930,3R,5,4708,B1,半田　　尚也,1,0,0.18,4.43,21.33,38.67,4.44,22.22,33.33,16,43.90,58.54,63,26.98,44.44,2R/2/.25/4,1R/3/.16/5 8R/4/.25/4,,,,,広島,広島,37,18:34,ミッドナイトボートレースｉｎ大村 １０,予選,３日目
大村,24,20260930,3R,6,3842,B1,星野　　太郎,0,0,0.19,5.12,33.72,51.16,4.95,42.86,42.86,58,35.82,46.27,73,42.65,58.82,1R/1/.07/1 7R/5/.21/5,4R/4/.22/3,,,,,三重,三重,50,18:34,ミッドナイトボートレースｉｎ大村 １０,予選,３日目
大村,24,20260930,4R,1,4666,B1,日笠　　勝弘,0,0,0.16,4.21,22.47,34.83,4.47,21.88,46.88,80,28.57,50.00,35,31.51,47.95,7R/2/.21/2,3R/5/.03/2 11R/5/.14/6,,,,,大阪,大阪,42,19:03,ミッドナイトボートレースｉｎ大村 １０,予選,３日目
大村,24,20260930,4R,2,4057,A2,松井　　賢治,0,0,0.15,5.71,38.35,58.65,5.38,28.89,46.67,44,49.41,67.06,76,38.89,56.94,1R/3/.10/2 9R/1/.13/1,7R/5/.18/3,,,,,兵庫,兵庫,47,19:03,ミッドナイトボートレースｉｎ大村 １０,予選,３日目
大村,24,20260930,4R,3,4302,A1,西野　　翔太,0,0,0.15,6.62,51.56,69.53,6.95,61.40,71.93,50,22.86,34.29,61,18.18,29.09,7R/1/.10/1 12R/3/.16/6,6R/5/.12/3,,,,,広島,広島,43,19:03,ミッドナイトボートレースｉｎ大村 １０,予選,３日目
大村,24,20260930,4R,4,4431,B1,石塚　　裕介,0,0,0.18,4.88,33.72,44.19,4.84,36.00,44.00,28,32.35,48.53,80,30.51,57.63,3R/4/.15/4 9R/6/.18/6,1R/1/.17/1,,,,,三重,三重,40,19:03,ミッドナイトボートレースｉｎ大村 １０,予選,３日目
大村,24,20260930,4R,5,5236,B1,小宮　　涼雅,0,0,0.17,4.50,24.07,41.67,2.79,12.12,18.18,29,39.74,55.13,15,29.73,44.59,6R/3/.07/2,5R/4/.17/4 10R/2/.13/4,,,,,広島,岡山,27,19:03,ミッドナイトボートレースｉｎ大村 １０,予選,３日目
大村,24,20260930,4R,6,4421,B1,森作　　広大,0,0,0.19,3.43,11.43,25.71,3.90,14.29,23.81,41,52.00,70.67,40,33.33,53.33,4R/1/.12/1 9R/4/.15/5,9R/3/.19/2,,,,,東京,茨城,38,19:03,ミッドナイトボートレースｉｎ大村 １０,予選,３日目
大村,24,20260930,5R,1,4171,A2,榎　　　幸司,0,0,0.19,6.33,48.06,65.89,6.37,45.69,65.99,81,40.00,61.25,56,34.72,56.94,4R/2/.18/2 11R/6/.26/4,5R/5/.17/2,,,,,長崎,長崎,44,19:30,ミッドナイトボートレースｉｎ大村 １０,予選,３日目
大村,24,20260930,5R,2,3685,A2,荒井　　輝年,2,0,0.15,5.73,39.80,55.10,6.63,50.00,76.67,60,30.67,44.00,68,36.11,50.00,5R/5/.27/5 10R/1/.10/2,2R/3/.31/2 11R/2/.17/4,,,,,岡山,岡山,52,19:30,ミッドナイトボートレースｉｎ大村 １０,予選,３日目
大村,24,20260930,5R,3,5273,B1,山下　　拓巳,1,0,0.17,3.61,18.75,26.04,3.63,15.79,36.84,65,41.98,55.56,74,40.00,60.00,2R/5/.18/3 7R/4/.22/3,9R/2/.22/3,,,,,兵庫,兵庫,25,19:30,ミッドナイトボートレースｉｎ大村 １０,予選,３日目
大村,24,20260930,5R,4,5384,B2,八戸　　琉楓,0,0,0.22,1.73,1.09,4.35,1.50,0.00,1.61,11,15.28,30.56,72,33.33,54.17,7R/3/.09/4,3R/2/.07/5 8R/5/.20/6,,,,,長崎,佐賀,21,19:30,ミッドナイトボートレースｉｎ大村 １０,予選,３日目
大村,24,20260930,5R,5,5446,B2,長嶺　真李愛,0,0,,1.23,0.00,0.00,0.00,0.00,0.00,21,18.84,36.23,49,37.50,56.94,8R/6/.24/6,3R/6/.10/6 7R/6/.21/6,,,,,福岡,沖縄,24,19:30,ミッドナイトボートレースｉｎ大村 １０,予選,３日目
大村,24,20260930,5R,6,4452,A2,松尾　　　祭,0,0,0.17,5.15,33.07,47.24,4.86,33.33,42.86,17,43.42,65.79,16,25.81,37.10,1R/5/.09/3 11R/1/.26/2,10R/3/.06/2,,,,,香川,愛媛,38,19:30,ミッドナイトボートレースｉｎ大村 １０,予選,３日目
大村,24,20260930,6R,1,4522,A2,古澤　　光紀,0,0,0.15,6.40,47.83,66.96,6.16,40.00,64.00,35,15.94,37.68,44,29.41,47.06,9R/3/.13/2,6R/2/.12/4 12R/6/.24/6,,,,,福岡,福岡,38,19:56,ミッドナイトボートレースｉｎ大村 １０,予選,３日目
大村,24,20260930,6R,2,4204,B1,柴田　　大輔,0,0,0.19,5.17,31.18,46.24,0.00,0.00,0.00,64,22.86,42.86,13,20.00,36.67,1R/6/.04/5 10R/4/.09/6,4R/1/.18/2,,,,,福岡,福岡,44,19:56,ミッドナイトボートレースｉｎ大村 １０,予選,３日目
大村,24,20260930,6R,3,4817,A1,渡邉　　　翼,0,0,0.15,6.24,49.44,62.92,5.39,34.69,55.10,13,41.03,56.41,23,22.41,32.76,4R/4/.11/4 12R/6/.13/3,5R/2/.10/3 11R/1/.04/1,,,,,山口,山口,35,19:56,ミッドナイトボートレースｉｎ大村 １０,予選,３日目
大村,24,20260930,6R,4,4384,A1,鶴本　　崇文,0,0,0.16,5.60,36.75,57.26,6.58,41.67,83.33,20,47.22,59.72,20,42.25,59.15,3R/5/.20/2 12R/2/.17/5,7R/3/.17/2,,,,,大阪,大阪,41,19:56,ミッドナイトボートレースｉｎ大村 １０,予選,３日目
大村,24,20260930,6R,5,5420,B2,吉原　　快誓,1,0,0.17,2.06,1.20,7.23,1.80,0.00,6.67,23,35.44,54.43,55,45.07,64.79,6R/6/.19/6,2R/4/.33/6 9R/4/.18/5,,,,,長崎,長崎,20,19:56,ミッドナイトボートレースｉｎ大村 １０,予選,３日目
大村,24,20260930,6R,6,4555,B1,富永　　大一,0,0,0.18,5.27,31.62,52.99,5.41,24.14,55.17,57,45.83,66.67,30,14.55,21.82,2R/1/.34/1,6R/4/.15/2 11R/3/.16/3,,,,,福岡,福岡,37,19:56,ミッドナイトボートレースｉｎ大村 １０,予選,３日目
大村,24,20260930,7R,1,4467,A1,渡邉　　俊介,0,0,0.14,6.30,41.94,65.32,5.53,31.58,52.63,47,38.67,58.67,79,27.78,44.44,2R/3/.19/6 12R/4/.16/4,3R/3/.06/3 9R/5/.22/4,,,,,愛知,岐阜,40,20:25,ミッドナイトボートレースｉｎ大村 １０,予選,３日目
大村,24,20260930,7R,2,3827,B1,今泉　　　徹,0,0,0.17,4.02,14.15,32.08,0.00,0.00,0.00,19,36.25,58.75,58,28.57,48.57,5R/6/.25/6,3R/1/.09/4 10R/5/.16/5,,,,,群馬,群馬,53,20:25,ミッドナイトボートレースｉｎ大村 １０,予選,３日目
大村,24,20260930,7R,3,3703,A2,鳥飼　　　眞,0,0,0.18,5.88,42.73,61.82,5.89,37.78,60.00,45,46.99,68.67,46,36.99,52.05,6R/5/.07/5 11R/2/.25/6,9R/1/.12/1,,,,,福岡,福岡,52,20:25,ミッドナイトボートレースｉｎ大村 １０,予選,３日目
大村,24,20260930,7R,4,5037,B1,田頭　　虎親,0,0,0.18,5.80,44.79,59.38,5.41,31.82,59.09,27,31.51,36.99,29,37.50,52.78,10R/2/.07/1,4R/5/.25/4 12R/3/.13/5,,,,,香川,兵庫,28,20:25,ミッドナイトボートレースｉｎ大村 １０,予選,３日目
大村,24,20260930,7R,5,4918,B1,川島　　拓郎,1,0,0.16,4.26,23.86,36.36,5.33,33.33,50.00,54,36.99,52.05,18,22.41,44.83,5R/2/.16/2 11R/4/.21/3,8R/3/.23/3,,,,,静岡,静岡,37,20:25,ミッドナイトボートレースｉｎ大村 １０,予選,３日目
大村,24,20260930,7R,6,5192,B1,中尾　　優香,2,0,0.18,4.42,25.00,45.31,4.76,32.35,47.06,67,15.94,37.68,26,25.00,50.00,3R/6/.26/6 7R/6/.30/6,2R/6/.42/5,,,,,福岡,沖縄,25,20:25,ミッドナイトボートレースｉｎ大村 １０,予選,３日目
大村,24,20260930,8R,1,3701,B1,大西　　隆洋,0,0,0.16,4.12,15.84,32.67,2.79,14.29,14.29,49,33.78,55.41,84,34.29,44.29,4R/5/.17/6,4R/2/.14/5 9R/6/.20/6,,,,,香川,愛媛,53,20:59,ミッドナイトボートレースｉｎ大村 １０,予選,３日目
大村,24,20260930,8R,2,4264,A1,長尾　　章平,1,0,0.16,6.02,42.74,63.25,6.11,50.00,60.71,69,27.71,45.78,21,25.00,36.67,10R/6/.15/4,3R/4/.10/1 12R/1/.16/2,,,,,山口,山口,41,20:59,ミッドナイトボートレースｉｎ大村 １０,予選,３日目
大村,24,20260930,8R,3,4431,B1,石塚　　裕介,0,0,0.18,4.88,33.72,44.19,4.84,36.00,44.00,28,32.35,48.53,80,30.51,57.63,3R/4/.15/4 9R/6/.18/6,1R/1/.17/1,,,,,三重,三重,40,20:59,ミッドナイトボートレースｉｎ大村 １０,予選,３日目
大村,24,20260930,8R,4,4339,B1,平瀬　　城啓,0,0,0.19,4.00,16.30,33.70,4.32,17.65,41.18,73,31.08,39.19,50,42.86,58.57,1R/4/.11/4 6R/1/.05/4,6R/6/.16/5,,,,,福井,富山,42,20:59,ミッドナイトボートレースｉｎ大村 １０,予選,３日目
大村,24,20260930,8R,5,4601,A1,森野　　正弘,0,0,0.13,7.11,59.38,75.00,6.71,42.86,66.67,32,26.09,43.48,52,27.87,42.62,5R/3/.14/4 12R/1/.07/2,4R/3/.12/1 10R/4/.04/3,,,,,山口,山口,41,20:59,ミッドナイトボートレースｉｎ大村 １０,予選,３日目
大村,24,20260930,8R,6,3528,B1,笠野　友紀恵,0,0,0.20,4.36,20.00,34.44,4.70,22.22,44.44,63,44.29,67.14,65,30.65,43.55,8R/3/.23/1,2R/1/.41/4 7R/4/.16/5,,,,,愛知,愛知,55,20:59,ミッドナイトボートレースｉｎ大村 １０,予選,３日目
大村,24,20260930,9R,1,5065,A2,伊久間　陽優,1,0,0.12,5.37,36.59,48.78,6.45,54.55,72.73,79,30.88,45.59,41,16.36,36.36,9R/5/.14/4,4R/6/.16/6 11R/4/.10/2,,,,,群馬,群馬,28,21:25,ミッドナイトボートレースｉｎ大村 １０,予選特賞,３日目
大村,24,20260930,9R,2,3842,B1,星野　　太郎,0,0,0.19,5.12,33.72,51.16,4.95,42.86,42.86,58,35.82,46.27,73,42.65,58.82,1R/1/.07/1 7R/5/.21/5,4R/4/.22/3,,,,,三重,三重,50,21:25,ミッドナイトボートレースｉｎ大村 １０,予選特賞,３日目
大村,24,20260930,9R,3,4442,B1,松竹　　大輔,1,0,0.16,6.47,51.09,64.13,4.74,29.03,41.94,62,31.65,53.16,54,34.25,42.47,5R/1/.13/1,5R/6/.21/5 12R/4/.20/3,,,,,愛知,愛知,40,21:25,ミッドナイトボートレースｉｎ大村 １０,予選特賞,３日目
大村,24,20260930,9R,4,4302,A1,西野　　翔太,0,0,0.15,6.62,51.56,69.53,6.95,61.40,71.93,50,22.86,34.29,61,18.18,29.09,7R/1/.10/1 12R/3/.16/6,6R/5/.12/3,,,,,広島,広島,43,21:25,ミッドナイトボートレースｉｎ大村 １０,予選特賞,３日目
大村,24,20260930,9R,5,4793,A2,金子　　　萌,0,0,0.14,6.43,48.80,64.00,6.59,58.82,70.59,72,26.76,43.66,25,40.28,50.00,6R/4/.01/1,7R/1/.21/1 12R/2/.16/1,,,,,静岡,静岡,36,21:25,ミッドナイトボートレースｉｎ大村 １０,予選特賞,３日目
大村,24,20260930,9R,6,4248,B1,岡本　　　大,0,0,0.17,4.55,25.00,41.00,4.25,21.50,35.51,22,28.00,50.67,78,30.00,46.67,3R/1/.15/1 10R/3/.07/3,1R/4/.18/4 7R/2/.24/4,,,,,長崎,長崎,44,21:25,ミッドナイトボートレースｉｎ大村 １０,予選特賞,３日目
大村,24,20260930,10R,1,5054,A1,佐々木　大河,0,0,0.14,6.71,58.54,69.51,6.67,44.44,88.89,59,42.65,57.35,59,33.33,52.78,6R/2/.10/3 12R/5/.14/1,2R/2/.24/1 8R/6/.18/5,,,,,大阪,大阪,30,21:51,ミッドナイトボートレースｉｎ大村 １０,予選特選,３日目
大村,24,20260930,10R,2,4452,A2,松尾　　　祭,0,0,0.17,5.15,33.07,47.24,4.86,33.33,42.86,17,43.42,65.79,16,25.81,37.10,1R/5/.09/3 11R/1/.26/2,10R/3/.06/2,,,,,香川,愛媛,38,21:51,ミッドナイトボートレースｉｎ大村 １０,予選特選,３日目
大村,24,20260930,10R,3,4004,B1,山本　　浩輔,0,0,0.18,4.88,27.66,42.55,4.85,24.17,45.83,61,37.84,48.65,83,22.64,28.30,2R/4/.23/2 9R/2/.15/3,1R/6/.27/6,,,,,長崎,長崎,48,21:51,ミッドナイトボートレースｉｎ大村 １０,予選特選,３日目
大村,24,20260930,10R,4,4068,B1,幸田　　智裕,0,0,0.17,4.81,22.12,46.90,4.67,11.11,55.56,70,41.67,52.78,85,36.49,54.05,4R/6/.20/5,1R/5/.15/3 6R/1/.12/1,,,,,静岡,静岡,46,21:51,ミッドナイトボートレースｉｎ大村 １０,予選特選,３日目
大村,24,20260930,10R,5,4522,A2,古澤　　光紀,0,0,0.15,6.40,47.83,66.96,6.16,40.00,64.00,35,15.94,37.68,44,29.41,47.06,9R/3/.13/2,6R/2/.12/4 12R/6/.24/6,,,,,福岡,福岡,38,21:51,ミッドナイトボートレースｉｎ大村 １０,予選特選,３日目
大村,24,20260930,10R,6,4057,A2,松井　　賢治,0,0,0.15,5.71,38.35,58.65,5.38,28.89,46.67,44,49.41,67.06,76,38.89,56.94,1R/3/.10/2 9R/1/.13/1,7R/5/.18/3,,,,,兵庫,兵庫,47,21:51,ミッドナイトボートレースｉｎ大村 １０,予選特選,３日目
大村,24,20260930,11R,1,4384,A1,鶴本　　崇文,0,0,0.16,5.60,36.75,57.26,6.58,41.67,83.33,20,47.22,59.72,20,42.25,59.15,3R/5/.20/2 12R/2/.17/5,7R/3/.17/2,,,,,大阪,大阪,41,22:16,ミッドナイトボートレースｉｎ大村 １０,予選特選,３日目
大村,24,20260930,11R,2,4171,A2,榎　　　幸司,0,0,0.19,6.33,48.06,65.89,6.37,45.69,65.99,81,40.00,61.25,56,34.72,56.94,4R/2/.18/2 11R/6/.26/4,5R/5/.17/2,,,,,長崎,長崎,44,22:16,ミッドナイトボートレースｉｎ大村 １０,予選特選,３日目
大村,24,20260930,11R,3,3930,A2,岸本　　　隆,1,0,0.16,5.28,28.44,48.62,4.33,26.67,40.00,34,39.74,55.13,33,33.87,45.16,3R/2/.17/3 11R/5/.18/5,8R/1/.21/1,,,,,岡山,岡山,50,22:16,ミッドナイトボートレースｉｎ大村 １０,予選特選,３日目
大村,24,20260930,11R,4,4421,B1,森作　　広大,0,0,0.19,3.43,11.43,25.71,3.90,14.29,23.81,41,52.00,70.67,40,33.33,53.33,4R/1/.12/1 9R/4/.15/5,9R/3/.19/2,,,,,東京,茨城,38,22:16,ミッドナイトボートレースｉｎ大村 １０,予選特選,３日目
大村,24,20260930,11R,5,4470,A2,平田　健之佑,0,0,0.15,6.49,50.52,65.98,6.05,31.58,57.89,48,36.99,49.32,57,38.36,50.68,2R/6/.17/5 11R/3/.17/1,10R/1/.06/1,,,,,三重,三重,39,22:16,ミッドナイトボートレースｉｎ大村 １０,予選特選,３日目
大村,24,20260930,11R,6,4680,A2,後藤　　美翼,0,0,0.21,5.69,36.36,58.68,6.40,50.00,70.00,12,29.11,44.30,32,43.06,48.61,8R/1/.23/2,8R/2/.25/2 12R/5/.25/4,,,,,東京,東京,36,22:16,ミッドナイトボートレースｉｎ大村 １０,予選特選,３日目
大村,24,20260930,12R,1,3685,A2,荒井　　輝年,2,0,0.15,5.73,39.80,55.10,6.63,50.00,76.67,60,30.67,44.00,68,36.11,50.00,5R/5/.27/5 10R/1/.10/2,2R/3/.31/2 11R/2/.17/4,,,,,岡山,岡山,52,22:41,ミッドナイトボートレースｉｎ大村 １０,一般特賞,３日目
大村,24,20260930,12R,2,5236,B1,小宮　　涼雅,0,0,0.17,4.50,24.07,41.67,2.79,12.12,18.18,29,39.74,55.13,15,29.73,44.59,6R/3/.07/2,5R/4/.17/4 10R/2/.13/4,,,,,広島,岡山,27,22:41,ミッドナイトボートレースｉｎ大村 １０,一般特賞,３日目
大村,24,20260930,12R,3,4408,B1,仁科　さやか,0,0,0.19,3.66,20.83,28.13,4.49,30.14,42.47,71,25.00,41.67,86,28.33,45.00,8R/2/.24/3,2R/5/.35/3 10R/6/.17/6,,,,,長崎,長崎,40,22:41,ミッドナイトボートレースｉｎ大村 １０,一般特賞,３日目
大村,24,20260930,12R,4,4918,B1,川島　　拓郎,1,0,0.16,4.26,23.86,36.36,5.33,33.33,50.00,54,36.99,52.05,18,22.41,44.83,5R/2/.16/2 11R/4/.21/3,8R/3/.23/3,,,,,静岡,静岡,37,22:41,ミッドナイトボートレースｉｎ大村 １０,一般特賞,３日目
大村,24,20260930,12R,5,4817,A1,渡邉　　　翼,0,0,0.15,6.24,49.44,62.92,5.39,34.69,55.10,13,41.03,56.41,23,22.41,32.76,4R/4/.11/4 12R/6/.13/3,5R/2/.10/3 11R/1/.04/1,,,,,山口,山口,35,22:41,ミッドナイトボートレースｉｎ大村 １０,一般特賞,３日目
大村,24,20260930,12R,6,4708,B1,半田　　尚也,1,0,0.18,4.43,21.33,38.67,4.44,22.22,33.33,16,43.90,58.54,63,26.98,44.44,2R/2/.25/4,1R/3/.16/5 8R/4/.25/4,,,,,広島,広島,37,22:41,ミッドナイトボートレースｉｎ大村 １０,一般特賞,３日目
